INSTANCE,VCPU,RAM,PAY AS YOU GO,PAY AS YOU GO WITH AZURE HYBRID BENEFIT,ONE YEAR RESERVED,ONE YEAR RESERVED WITH AZURE HYBRID BENEFIT,THREE YEAR RESERVED,THREE YEAR RESERVED WITH AZURE HYBRID BENEFIT,SPOT,SPOT WITH AZURE HYBRID BENEFIT,ONE YEAR SAVINGS PLAN,ONE YEAR SAVINGS PLAN WITH AZURE HYBRID BENEFIT,THREE YEAR SAVINGS PLAN,THREE YEAR SAVINGS PLAN WITH AZURE HYBRID BENEFIT,ARCH,CONSTRAINED CPU,PREMIUM STORAGE
B2ts v2,2,1,0.0196,0.0104,0.0142,0.0062,0.012,0.004,0.0049,0.0026,0.015,0.007,0.0127,0.0047,Intel,2,true
B2ls v2,2,4,0.0508,0.0416,0.0325,0.0245,0.0238,0.0158,0.0127,0.0104,0.0359,0.0279,0.0267,0.0187,Intel,2,true
B2s v2,2,8,0.0924,0.0832,0.0571,0.0491,0.0396,0.0316,0.0231,0.0208,0.0637,0.0557,0.0454,0.0374,Intel,2,true
B4ls v2,4,8,0.166,0.147,0.103,0.087,0.072,0.056,0.0415,0.0368,0.1145,0.0985,0.0822,0.0662,Intel,4,true
B4s v2,4,16,0.185,0.166,0.1142,0.0982,0.0792,0.0632,0.0463,0.0415,0.1272,0.1112,0.0907,0.0747,Intel,4,true
B8ls v2,8,16,0.332,0.295,0.2059,0.1739,0.144,0.112,0.083,0.0738,0.2297,0.1977,0.1648,0.1328,Intel,8,true
B8s v2,8,32,0.37,0.333,0.2284,0.1964,0.1585,0.1265,0.0925,0.0833,0.2551,0.2231,0.1819,0.1499,Intel,8,true
B16ls v2,16,32,0.663,0.589,0.4118,0.3478,0.288,0.224,0.1658,0.1473,0.4586,0.3946,0.3291,0.2651,Intel,16,true
B16s v2,16,64,0.739,0.666,0.4567,0.3927,0.3169,0.2529,0.1848,0.1665,0.5102,0.4462,0.3637,0.2997,Intel,16,true
B32ls v2,32,64,1.326,1.179,0.8234,0.6954,0.576,0.448,0.3315,0.2948,0.9179,0.7899,0.6586,0.5306,Intel,32,true
B32s v2,32,128,1.478,1.331,0.9134,0.7854,0.6339,0.5059,0.3695,0.3328,1.0198,0.8918,0.727,0.599,Intel,32,true
B2ats v2,2,1,0.0186,0.0094,0.0136,0.0056,0.0116,0.0036,0.0047,0.0024,0.0143,0.0063,0.0122,0.0042,AMD,2,true
B2als v2,2,4,0.0468,0.0376,0.0302,0.0222,0.0223,0.0143,0.0117,0.0094,0.0406,0.0326,0.0337,0.0257,AMD,2,true
B2as v2,2,8,0.0844,0.0752,0.0524,0.0444,0.0366,0.0286,0.0211,0.0188,0.0584,0.0504,0.0418,0.0338,AMD,2,true
B4als v2,4,8,0.152,0.133,0.0945,0.0785,0.0666,0.0506,0.038,0.0333,0.1051,0.0891,0.0759,0.0599,AMD,4,true
B4as v2,4,16,0.169,0.15,0.1047,0.0887,0.0732,0.0572,0.0423,0.0375,0.1165,0.1005,0.0835,0.0675,AMD,4,true
B8als v2,8,16,0.303,0.266,0.1892,0.1572,0.1333,0.1013,0.0758,0.0665,0.2102,0.1782,0.1517,0.1197,AMD,8,true
B8as v2,8,32,0.338,0.301,0.2095,0.1775,0.1463,0.1143,0.0845,0.0753,0.2337,0.2017,0.1675,0.1355,AMD,8,true
B16als v2,16,32,0.606,0.533,0.3783,0.3143,0.2664,0.2024,0.1515,0.1333,0.4211,0.3571,0.3039,0.2399,AMD,16,true
B16as v2,16,64,0.675,0.602,0.4189,0.3549,0.2926,0.2286,0.1688,0.1505,0.4673,0.4033,0.3349,0.2709,AMD,16,true
B32als v2,32,64,1.213,1.065,0.7567,0.6287,0.5329,0.4049,0.3033,0.2663,0.8416,0.7136,0.6073,0.4793,AMD,32,true
B32as v2,32,128,1.35,1.203,0.8379,0.7099,0.5852,0.4572,0.3375,0.3008,0.934,0.806,0.6694,0.5414,AMD,32,true
B1s,1,1,0.014,0.0104,0.0101,0.0061,0.0079,0.0039,N/A,N/A,0.011,0.007,0.0087,0.0047,Intel,1,true
B1ms,1,2,0.0246,0.0207,0.0162,0.0122,0.0118,0.0078,N/A,N/A,0.0179,0.0139,0.0133,0.0093,Intel,1,true
B2s,2,4,0.0496,0.0416,0.0323,0.0243,0.0236,0.0156,N/A,N/A,0.036,0.028,0.0267,0.0187,Intel,2,true
B2ms,2,8,0.0912,0.0832,0.0566,0.0486,0.0393,0.0313,N/A,N/A,0.064,0.056,0.0455,0.0375,Intel,2,true
B4ms,4,16,0.182,0.166,0.1134,0.0974,0.0786,0.0626,N/A,N/A,0.1278,0.1118,0.0908,0.0748,Intel,4,true
B8ms,8,32,0.365,0.333,0.2268,0.1948,0.1571,0.1251,N/A,N/A,0.2563,0.2243,0.1821,0.1501,Intel,8,true
B12ms,12,48,0.547,0.499,0.3401,0.2921,0.2357,0.1877,N/A,N/A,0.3841,0.3361,0.2729,0.2249,Intel,12,true
B16ms,16,64,0.73,0.666,0.4535,0.3895,0.3142,0.2502,N/A,N/A,0.5126,0.4486,0.3641,0.3001,Intel,16,true
B20ms,20,80,0.912,0.832,0.5669,0.4869,0.3928,0.3128,N/A,N/A,0.6404,0.5604,0.4549,0.3749,Intel,20,true
A1 v2,1,2,0.065,0.043,N/A,N/A,N/A,N/A,0.0065,0.0043,0.0751,0.0291,0.0654,0.0194,Intel,1,false
A2 v2,2,4,0.136,0.091,N/A,N/A,N/A,N/A,0.0136,0.0091,0.1535,0.0615,0.133,0.041,Intel,2,false
A2m v2,2,16,0.18,0.119,N/A,N/A,N/A,N/A,0.018,0.0119,0.1725,0.0805,0.1456,0.0536,Intel,2,false
A4 v2,4,8,0.286,0.191,N/A,N/A,N/A,N/A,0.0286,0.0191,0.3131,0.1291,0.2701,0.0861,Intel,4,false
A4m v2,4,32,0.36,0.238,N/A,N/A,N/A,N/A,0.036,0.0238,0.3449,0.1609,0.2913,0.1073,Intel,4,false
A8 v2,8,16,0.6,0.4,N/A,N/A,N/A,N/A,0.06,0.04,0.6384,0.2704,0.5483,0.1803,Intel,8,false
A8m v2,8,64,0.72,0.475,N/A,N/A,N/A,N/A,0.072,0.0475,0.6892,0.3212,0.5821,0.2141,Intel,8,false
D2as v5,2,8,0.178,0.086,0.1427,0.0507,0.1247,0.0327,0.0178,0.0086,0.1508,0.0588,0.1315,0.0395,AMD,2,true
D4as v5,4,16,0.356,0.172,0.2855,0.1015,0.2494,0.0654,0.0356,0.0172,0.3015,0.1175,0.2629,0.0789,AMD,4,true
D8as v5,8,32,0.712,0.344,0.571,0.203,0.4987,0.1307,0.0712,0.0344,0.603,0.235,0.5258,0.1578,AMD,8,true
D16as v5,16,64,1.424,0.688,1.1419,0.4059,0.9975,0.2615,0.1424,0.0688,1.206,0.47,1.0516,0.3156,AMD,16,true
D32as v5,32,128,2.848,1.376,2.2839,0.8119,1.9949,0.5229,0.2848,0.1376,2.412,0.94,2.1032,0.6312,AMD,32,true
D48as v5,48,192,4.272,2.064,3.4258,1.2178,2.9923,0.7843,0.4272,0.2064,3.6179,1.4099,3.1548,0.9468,AMD,48,true
D64as v5,64,256,5.696,2.752,4.5676,1.6236,3.9898,1.0458,0.5696,0.2752,4.8239,1.8799,4.2063,1.2623,AMD,64,true
D96as v5,96,384,8.544,4.128,6.8515,2.4355,5.9847,1.5687,0.8544,0.4128,7.2358,2.8198,6.3095,1.8935,AMD,96,true
D2ads v5,2,8,0.195,0.103,0.1527,0.0607,0.1312,0.0392,0.0195,0.0103,0.1627,0.0707,0.1391,0.0471,AMD,2,true
D4ads v5,4,16,0.39,0.206,0.3056,0.1216,0.2623,0.0783,0.039,0.0206,0.3253,0.1413,0.2783,0.0943,AMD,4,true
D8ads v5,8,32,0.78,0.412,0.611,0.243,0.5245,0.1565,0.078,0.0412,0.6506,0.2826,0.5566,0.1886,AMD,8,true
D16ads v5,16,64,1.56,0.824,1.2222,0.4862,1.0491,0.3131,0.156,0.0824,1.3013,0.5653,1.1131,0.3771,AMD,16,true
D32ads v5,32,128,3.12,1.648,2.4444,0.9724,2.0983,0.6263,0.312,0.1648,2.6025,1.1305,2.2263,0.7543,AMD,32,true
D48ads v5,48,192,4.68,2.472,3.6665,1.4585,3.1474,0.9394,0.468,0.2472,3.9038,1.6958,3.3394,1.1314,AMD,48,true
D64ads v5,64,256,6.24,3.296,4.8886,1.9446,4.1965,1.2525,0.624,0.3296,5.2051,2.2611,4.4526,1.5086,AMD,64,true
D96ads v5,96,384,9.36,4.944,7.333,2.917,6.2947,1.8787,0.936,0.4944,7.8076,3.3916,6.6789,2.2629,AMD,96,true
D2a v4,2,8,0.188,0.096,0.1484,0.0564,0.1281,0.0361,0.0188,0.0096,0.1578,0.0658,0.1362,0.0442,AMD,2,false
D4a v4,4,16,0.376,0.192,0.2969,0.1129,0.2562,0.0722,0.0376,0.0192,0.3157,0.1317,0.2724,0.0884,AMD,4,false
D8a v4,8,32,0.752,0.384,0.5938,0.2258,0.5124,0.1444,0.0752,0.0384,0.6313,0.2633,0.5447,0.1767,AMD,8,false
D16a v4,16,64,1.504,0.768,1.1876,0.4516,1.0248,0.2888,0.1504,0.0768,1.2626,0.5266,1.0894,0.3534,AMD,16,false
D32a v4,32,128,3.008,1.536,2.3752,0.9032,2.0496,0.5776,0.3008,0.1536,2.5252,1.0532,2.1789,0.7069,AMD,32,false
D48a v4,48,192,4.512,2.304,3.5628,1.3548,3.0743,0.8663,0.4512,0.2304,3.7879,1.5799,3.2683,1.0603,AMD,48,false
D64a v4,64,256,6.016,3.072,4.7504,1.8064,4.0991,1.1551,0.6016,0.3072,5.0505,2.1065,4.3577,1.4137,AMD,64,false
D96a v4,96,384,9.024,4.608,7.1255,2.7095,6.1486,1.7326,0.9024,0.4608,7.5757,3.1597,6.5366,2.1206,AMD,96,false
D2as v4,2,8,0.188,0.096,0.1484,0.0564,0.1281,0.0361,0.0188,0.0096,0.1578,0.0658,0.1362,0.0442,AMD,2,true
D4as v4,4,16,0.376,0.192,0.2969,0.1129,0.2562,0.0722,0.0376,0.0192,0.3157,0.1317,0.2724,0.0884,AMD,4,true
D8as v4,8,32,0.752,0.384,0.5938,0.2258,0.5124,0.1444,0.0752,0.0384,0.6313,0.2633,0.5447,0.1767,AMD,8,true
D16as v4,16,64,1.504,0.768,1.1876,0.4516,1.0248,0.2888,0.1504,0.0768,1.2626,0.5266,1.0894,0.3534,AMD,16,true
D32as v4,32,128,3.008,1.536,2.3752,0.9032,2.0496,0.5776,0.3008,0.1536,2.5252,1.0532,2.1789,0.7069,AMD,32,true
D48as v4,48,192,4.512,2.304,3.5628,1.3548,3.0743,0.8663,0.4512,0.2304,3.7879,1.5799,3.2683,1.0603,AMD,48,true
D64as v4,64,256,6.016,3.072,4.7504,1.8064,4.0991,1.1551,0.6016,0.3072,5.0505,2.1065,4.3577,1.4137,AMD,64,true
D96as v4,96,384,9.024,4.608,7.1255,2.7095,6.1486,1.7326,0.9024,0.4608,7.5757,3.1597,6.5366,2.1206,AMD,96,true
D2d v5,2,8,0.205,0.113,0.1587,0.0667,0.1349,0.0429,0.0205,0.0113,0.1692,0.0772,0.1436,0.0516,Intel,2,false
D4d v5,4,16,0.41,0.226,0.3173,0.1333,0.2699,0.0859,0.041,0.0226,0.3385,0.1545,0.2872,0.1032,Intel,4,false
D8d v5,8,32,0.82,0.452,0.6347,0.2667,0.5398,0.1718,0.082,0.0452,0.6769,0.3089,0.5744,0.2064,Intel,8,false
D16d v5,16,64,1.64,0.904,1.2693,0.5333,1.0795,0.3435,0.164,0.0904,1.3539,0.6179,1.1489,0.4129,Intel,16,false
D32d v5,32,128,3.28,1.808,2.5387,1.0667,2.159,0.687,0.328,0.1808,2.7078,1.2358,2.2977,0.8257,Intel,32,false
D48d v5,48,192,4.92,2.712,3.8081,1.6001,3.2386,1.0306,0.492,0.2712,4.0617,1.8537,3.4466,1.2386,Intel,48,false
D64d v5,64,256,6.56,3.616,5.0775,2.1335,4.3181,1.3741,0.656,0.3616,5.4155,2.4715,4.5954,1.6514,Intel,64,false
D96d v5,96,384,9.84,5.424,7.6161,3.2001,6.4771,2.0611,0.984,0.5424,8.1233,3.7073,6.8931,2.4771,Intel,96,false
D2ds v5,2,8,0.205,0.113,0.1587,0.0667,0.1349,0.0429,0.0205,0.0113,0.1692,0.0772,0.1436,0.0516,Intel,2,true
D4ds v5,4,16,0.41,0.226,0.3173,0.1333,0.2699,0.0859,0.041,0.0226,0.3385,0.1545,0.2872,0.1032,Intel,4,true
D8ds v5,8,32,0.82,0.452,0.6347,0.2667,0.5398,0.1718,0.082,0.0452,0.6769,0.3089,0.5744,0.2064,Intel,8,true
D16ds v5,16,64,1.64,0.904,1.2693,0.5333,1.0795,0.3435,0.164,0.0904,1.3539,0.6179,1.1489,0.4129,Intel,16,true
D32ds v5,32,128,3.28,1.808,2.5387,1.0667,2.159,0.687,0.328,0.1808,2.7078,1.2358,2.2977,0.8257,Intel,32,true
D48ds v5,48,192,4.92,2.712,3.8081,1.6001,3.2386,1.0306,0.492,0.2712,4.0617,1.8537,3.4466,1.2386,Intel,48,true
D64ds v5,64,256,6.56,3.616,5.0775,2.1335,4.3181,1.3741,0.656,0.3616,5.4155,2.4715,4.5954,1.6514,Intel,64,true
D96ds v5,96,384,9.84,5.424,7.6161,3.2001,6.4771,2.0611,0.984,0.5424,8.1233,3.7073,6.8931,2.4771,Intel,96,true
D2 v5,2,8,0.188,0.096,0.1486,0.0566,0.1285,0.0365,0.0188,0.0096,0.1578,0.0658,0.1362,0.0442,Intel,2,false
D4 v5,4,16,0.376,0.192,0.2972,0.1132,0.257,0.073,0.0376,0.0192,0.3157,0.1317,0.2724,0.0884,Intel,4,false
D8 v5,8,32,0.752,0.384,0.5946,0.2266,0.5139,0.1459,0.0752,0.0384,0.6314,0.2634,0.5447,0.1767,Intel,8,false
D16 v5,16,64,1.504,0.768,1.1891,0.4531,1.0279,0.2919,0.1504,0.0768,1.2627,0.5267,1.0894,0.3534,Intel,16,false
D32 v5,32,128,3.008,1.536,2.3783,0.9063,2.0557,0.5837,0.3008,0.1536,2.5254,1.0534,2.1789,0.7069,Intel,32,false
D48 v5,48,192,4.512,2.304,3.5674,1.3594,3.0835,0.8755,0.4512,0.2304,3.7881,1.5801,3.2683,1.0603,Intel,48,false
D64 v5,64,256,6.016,3.072,4.7564,1.8124,4.1114,1.1674,0.6016,0.3072,5.0508,2.1068,4.3577,1.4137,Intel,64,false
D96 v5,96,384,9.024,4.608,7.1347,2.7187,6.167,1.751,0.9024,0.4608,7.5762,3.1602,6.5366,2.1206,Intel,96,false
D2s v5,2,8,0.188,0.096,0.1486,0.0566,0.1285,0.0365,0.0188,0.0096,0.1578,0.0658,0.1362,0.0442,Intel,2,true
D4s v5,4,16,0.376,0.192,0.2972,0.1132,0.257,0.073,0.0376,0.0192,0.3157,0.1317,0.2724,0.0884,Intel,4,true
D8s v5,8,32,0.752,0.384,0.5946,0.2266,0.5139,0.1459,0.0752,0.0384,0.6314,0.2634,0.5447,0.1767,Intel,8,true
D16s v5,16,64,1.504,0.768,1.1891,0.4531,1.0279,0.2919,0.1504,0.0768,1.2627,0.5267,1.0894,0.3534,Intel,16,true
D32s v5,32,128,3.008,1.536,2.3783,0.9063,2.0557,0.5837,0.3008,0.1536,2.5254,1.0534,2.1789,0.7069,Intel,32,true
D48s v5,48,192,4.512,2.304,3.5674,1.3594,3.0835,0.8755,0.4512,0.2304,3.7881,1.5801,3.2683,1.0603,Intel,48,true
D64s v5,64,256,6.016,3.072,4.7564,1.8124,4.1114,1.1674,0.6016,0.3072,5.0508,2.1068,4.3577,1.4137,Intel,64,true
D96s v5,96,384,9.024,4.608,7.1347,2.7187,6.167,1.751,0.9024,0.4608,7.5762,3.1602,6.5366,2.1206,Intel,96,true
D2ls v5,2,4,0.177,0.085,0.1421,0.0501,0.1243,0.0323,0.0443,0.0213,0.149,0.057,0.1294,0.0374,Intel,2,true
D4ls v5,4,8,0.354,0.17,0.2843,0.1003,0.2486,0.0646,0.0885,0.0425,0.2979,0.1139,0.2588,0.0748,Intel,4,true
D8ls v5,8,16,0.708,0.34,0.5686,0.2006,0.4972,0.1292,0.177,0.085,0.5958,0.2278,0.5176,0.1496,Intel,8,true
D16ls v5,16,32,1.416,0.68,1.1373,0.4013,0.9944,0.2584,0.354,0.17,1.1916,0.4556,1.0352,0.2992,Intel,16,true
D32ls v5,32,64,2.832,1.36,2.2744,0.8024,1.9888,0.5168,0.708,0.34,2.3832,0.9112,2.0704,0.5984,Intel,32,true
D48ls v5,48,96,4.248,2.04,3.4117,1.2037,2.9832,0.7752,1.062,0.51,3.5748,1.3668,3.1056,0.8976,Intel,48,true
D64ls v5,64,128,5.664,2.72,4.5488,1.6048,3.9776,1.0336,1.416,0.68,4.7664,1.8224,4.1408,1.1968,Intel,64,true
D96ls v5,96,192,8.496,4.08,6.8232,2.4072,5.9664,1.5504,2.124,1.02,7.1496,2.7336,6.2112,1.7952,Intel,96,true
D2lds v5,2,4,0.188,0.096,0.1486,0.0566,0.1266,0.0346,0.047,0.024,0.1563,0.0643,0.1342,0.0422,Intel,2,true
D4lds v5,4,8,0.376,0.192,0.2972,0.1132,0.2531,0.0691,0.094,0.048,0.3126,0.1286,0.2685,0.0845,Intel,4,true
D8lds v5,8,16,0.752,0.384,0.5946,0.2266,0.5062,0.1382,0.188,0.096,0.6253,0.2573,0.537,0.169,Intel,8,true
D16lds v5,16,32,1.504,0.768,1.1891,0.4531,1.0125,0.2765,0.376,0.192,1.2506,0.5146,1.0739,0.3379,Intel,16,true
D32lds v5,32,64,3.008,1.536,2.3783,0.9063,2.025,0.553,0.752,0.384,2.5011,1.0291,2.1478,0.6758,Intel,32,true
D48lds v5,48,96,4.512,2.304,3.5674,1.3594,3.0375,0.8295,1.128,0.576,3.7517,1.5437,3.2218,1.0138,Intel,48,true
D64lds v5,64,128,6.016,3.072,4.7564,1.8124,4.0499,1.1059,1.504,0.768,5.0022,2.0582,4.2957,1.3517,Intel,64,true
D96lds v5,96,192,9.024,4.608,7.1347,2.7187,6.0749,1.6589,2.256,1.152,7.5034,3.0874,6.4435,2.0275,Intel,96,true
DC2ads v5,2,8,0.195,0.103,0.1744,0.0824,0.1538,0.0618,0.1365,0.0721,0.1792,0.0872,0.159,0.067,AMD,2,true
DC4ads v5,4,16,0.39,0.206,0.3488,0.1648,0.3076,0.1236,0.273,0.1442,0.3584,0.1744,0.3179,0.1339,AMD,4,true
DC8ads v5,8,32,0.78,0.412,0.6976,0.3296,0.6152,0.2472,0.546,0.2884,0.7169,0.3489,0.6358,0.2678,AMD,8,true
DC16ads v5,16,64,1.56,0.824,1.3953,0.6593,1.2304,0.4944,1.092,0.5768,1.4338,0.6978,1.2717,0.5357,AMD,16,true
DC32ads v5,32,128,3.12,1.648,2.7904,1.3184,2.4608,0.9888,2.184,1.1536,2.8675,1.3955,2.5434,1.0714,AMD,32,true
DC48ads v5,48,192,4.68,2.472,4.1856,1.9776,3.6912,1.4832,3.276,1.7304,4.3013,2.0933,3.8151,1.6071,AMD,48,true
DC64ads v5,64,256,6.24,3.296,5.5808,2.6368,4.9216,1.9776,4.368,2.3072,5.7351,2.7911,5.0867,2.1427,AMD,64,true
DC96ads v5,96,384,9.36,4.944,8.3713,3.9553,7.3824,2.9664,6.552,3.4608,8.6026,4.1866,7.6301,3.2141,AMD,96,true
DC2as v5,2,8,0.178,0.086,0.1608,0.0688,0.1436,0.0516,0.1246,0.0602,0.1647,0.0727,0.148,0.056,AMD,2,true
DC4as v5,4,16,0.356,0.172,0.3216,0.1376,0.2872,0.1032,0.2492,0.1204,0.3294,0.1454,0.2959,0.1119,AMD,4,true
DC8as v5,8,32,0.712,0.344,0.6432,0.2752,0.5744,0.2064,0.4984,0.2408,0.6588,0.2908,0.5919,0.2239,AMD,8,true
DC16as v5,16,64,1.424,0.688,1.2865,0.5505,1.1488,0.4128,0.9968,0.4816,1.3176,0.5816,1.1838,0.4478,AMD,16,true
DC32as v5,32,128,2.848,1.376,2.5728,1.1008,2.2976,0.8256,1.9936,0.9632,2.6353,1.1633,2.3675,0.8955,AMD,32,true
DC48as v5,48,192,4.272,2.064,3.8593,1.6513,3.4464,1.2384,2.9904,1.4448,3.9529,1.7449,3.5513,1.3433,AMD,48,true
DC64as v5,64,256,5.696,2.752,5.1456,2.2016,4.5952,1.6512,3.9872,1.9264,5.2705,2.3265,4.735,1.791,AMD,64,true
DC96as v5,96,384,8.544,4.128,7.7184,3.3024,6.8928,2.4768,5.9808,2.8896,7.9058,3.4898,7.1025,2.6865,AMD,96,true
D2d v4,2,8,0.205,0.113,0.1584,0.0664,0.1345,0.0425,0.0205,0.0113,0.1692,0.0772,0.1436,0.0516,Intel,2,false
D4d v4,4,16,0.41,0.226,0.3169,0.1329,0.269,0.085,0.041,0.0226,0.3385,0.1545,0.2872,0.1032,Intel,4,false
D8d v4,8,32,0.82,0.452,0.6338,0.2658,0.5379,0.1699,0.082,0.0452,0.6769,0.3089,0.5744,0.2064,Intel,8,false
D16d v4,16,64,1.64,0.904,1.2675,0.5315,1.0759,0.3399,0.164,0.0904,1.3539,0.6179,1.1489,0.4129,Intel,16,false
D32d v4,32,128,3.28,1.808,2.5351,1.0631,2.1518,0.6798,0.328,0.1808,2.7078,1.2358,2.2977,0.8257,Intel,32,false
D48d v4,48,192,4.92,2.712,3.8026,1.5946,3.2277,1.0197,0.492,0.2712,4.0617,1.8537,3.4466,1.2386,Intel,48,false
D64d v4,64,256,6.56,3.616,5.0703,2.1263,4.3036,1.3596,0.656,0.3616,5.4155,2.4715,4.5954,1.6514,Intel,64,false
D2ds v4,2,8,0.205,0.113,0.1584,0.0664,0.1345,0.0425,0.0205,0.0113,0.1692,0.0772,0.1436,0.0516,Intel,2,true
D4ds v4,4,16,0.41,0.226,0.3169,0.1329,0.269,0.085,0.041,0.0226,0.3385,0.1545,0.2872,0.1032,Intel,4,true
D8ds v4,8,32,0.82,0.452,0.6338,0.2658,0.5379,0.1699,0.082,0.0452,0.6769,0.3089,0.5744,0.2064,Intel,8,true
D16ds v4,16,64,1.64,0.904,1.2675,0.5315,1.0759,0.3399,0.164,0.0904,1.3539,0.6179,1.1489,0.4129,Intel,16,true
D32ds v4,32,128,3.28,1.808,2.5351,1.0631,2.1518,0.6798,0.328,0.1808,2.7078,1.2358,2.2977,0.8257,Intel,32,true
D48ds v4,48,192,4.92,2.712,3.8026,1.5946,3.2277,1.0197,0.492,0.2712,4.0617,1.8537,3.4466,1.2386,Intel,48,true
D64ds v4,64,256,6.56,3.616,5.0703,2.1263,4.3036,1.3596,0.656,0.3616,5.4155,2.4715,4.5954,1.6514,Intel,64,true
D2 v4,2,8,0.188,0.096,0.1486,0.0566,0.1285,0.0365,0.0188,0.0096,0.1578,0.0658,0.1362,0.0442,Intel,2,false
D4 v4,4,16,0.376,0.192,0.2972,0.1132,0.257,0.073,0.0376,0.0192,0.3157,0.1317,0.2724,0.0884,Intel,4,false
D8 v4,8,32,0.752,0.384,0.5946,0.2266,0.5139,0.1459,0.0752,0.0384,0.6314,0.2634,0.5447,0.1767,Intel,8,false
D16 v4,16,64,1.504,0.768,1.1891,0.4531,1.0279,0.2919,0.1504,0.0768,1.2627,0.5267,1.0894,0.3534,Intel,16,false
D32 v4,32,128,3.008,1.536,2.3783,0.9063,2.0557,0.5837,0.3008,0.1536,2.5254,1.0534,2.1789,0.7069,Intel,32,false
D48 v4,48,192,4.512,2.304,3.5674,1.3594,3.0835,0.8755,0.4512,0.2304,3.7881,1.5801,3.2683,1.0603,Intel,48,false
D64 v4,64,256,6.016,3.072,4.7564,1.8124,4.1114,1.1674,0.6016,0.3072,5.0508,2.1068,4.3577,1.4137,Intel,64,false
D2s v4,2,8,0.188,0.096,0.1484,0.0564,0.1281,0.0361,0.0188,0.0096,0.1578,0.0658,0.1362,0.0442,Intel,2,true
D4s v4,4,16,0.376,0.192,0.2969,0.1129,0.2562,0.0722,0.0376,0.0192,0.3157,0.1317,0.2724,0.0884,Intel,4,true
D8s v4,8,32,0.752,0.384,0.5938,0.2258,0.5124,0.1444,0.0752,0.0384,0.6314,0.2634,0.5447,0.1767,Intel,8,true
D16s v4,16,64,1.504,0.768,1.1876,0.4516,1.0248,0.2888,0.1504,0.0768,1.2627,0.5267,1.0894,0.3534,Intel,16,true
D32s v4,32,128,3.008,1.536,2.3752,0.9032,2.0496,0.5776,0.3008,0.1536,2.5254,1.0534,2.1789,0.7069,Intel,32,true
D48s v4,48,192,4.512,2.304,3.5628,1.3548,3.0743,0.8663,0.4512,0.2304,3.7881,1.5801,3.2683,1.0603,Intel,48,true
D64s v4,64,256,6.016,3.072,4.7504,1.8064,4.0991,1.1551,0.6016,0.3072,5.0508,2.1068,4.3577,1.4137,Intel,64,true
D2 v3,2,8,0.188,0.096,0.1492,0.0572,0.1288,0.0368,0.0188,0.0096,0.1752,0.0832,0.1576,0.0656,Intel,2,false
D4 v3,4,16,0.376,0.192,0.2985,0.1145,0.2577,0.0737,0.0376,0.0192,0.3503,0.1663,0.3152,0.1312,Intel,4,false
D8 v3,8,32,0.752,0.384,0.597,0.229,0.5154,0.1474,0.0752,0.0384,0.7006,0.3326,0.6305,0.2625,Intel,8,false
D16 v3,16,64,1.504,0.768,1.194,0.458,1.0308,0.2948,0.1504,0.0768,1.4012,0.6652,1.2609,0.5249,Intel,16,false
D32 v3,32,128,3.008,1.536,2.388,0.916,2.0616,0.5896,0.3008,0.1536,2.8023,1.3303,2.5219,1.0499,Intel,32,false
D48 v3,48,192,4.512,2.304,3.5365,1.3285,3.072,0.864,0.4512,0.2304,4.2035,1.9955,3.7828,1.5748,Intel,48,false
D64 v3,64,256,6.016,3.072,4.776,1.832,4.1232,1.1792,0.6016,0.3072,5.6047,2.6607,5.0437,2.0997,Intel,64,false
D2s v3,2,8,0.188,0.096,0.1492,0.0572,0.1288,0.0368,0.0188,0.0096,0.1752,0.0832,0.1576,0.0656,Intel,2,true
D4s v3,4,16,0.376,0.192,0.2985,0.1145,0.2577,0.0737,0.0376,0.0192,0.3503,0.1663,0.3152,0.1312,Intel,4,true
D8s v3,8,32,0.752,0.384,0.597,0.229,0.5154,0.1474,0.0752,0.0384,0.7006,0.3326,0.6305,0.2625,Intel,8,true
D16s v3,16,64,1.504,0.768,1.194,0.458,1.0308,0.2948,0.1504,0.0768,1.4012,0.6652,1.2609,0.5249,Intel,16,true
D32s v3,32,128,3.008,1.536,2.388,0.916,2.0616,0.5896,0.3008,0.1536,2.8023,1.3303,2.5219,1.0499,Intel,32,true
D48s v3,48,192,4.512,2.304,3.5365,1.3285,3.072,0.864,0.4512,0.2304,4.2035,1.9955,3.7828,1.5748,Intel,48,true
D64s v3,64,256,6.016,3.072,4.776,1.832,4.1232,1.1792,0.6016,0.3072,5.6047,2.6607,5.0437,2.0997,Intel,64,true
DC1s v3,1,8,0.142,0.096,0.1228,0.0768,0.1036,0.0576,0.0142,0.0096,0.1273,0.0813,0.1086,0.0626,Intel,1,true
DC2s v3,2,16,0.284,0.192,0.2457,0.1537,0.2072,0.1152,0.0284,0.0192,0.2546,0.1626,0.2171,0.1251,Intel,2,true
DC4s v3,4,32,0.568,0.384,0.4912,0.3072,0.4144,0.2304,0.0568,0.0384,0.5091,0.3251,0.4343,0.2503,Intel,4,true
DC8s v3,8,64,1.136,0.768,0.9824,0.6144,0.8288,0.4608,0.1136,0.0768,1.0183,0.6503,0.8685,0.5005,Intel,8,true
DC16s v3,16,128,2.272,1.536,1.9648,1.2288,1.6576,0.9216,0.2272,0.1536,2.0365,1.3005,1.737,1.001,Intel,16,true
DC24s v3,24,192,3.408,2.304,2.9472,1.8432,2.4864,1.3824,0.3408,0.2304,3.0548,1.9508,2.6055,1.5015,Intel,24,true
DC32s v3,32,256,4.544,3.072,3.9297,2.4577,3.3152,1.8432,0.4544,0.3072,4.0731,2.6011,3.474,2.002,Intel,32,true
DC48s v3,48,384,6.816,4.608,5.8944,3.6864,4.9728,2.7648,0.6816,0.4608,6.1096,3.9016,5.211,3.003,Intel,48,true
DC1ds v3,1,8,0.159,0.113,0.1364,0.0904,0.1138,0.0678,0.0159,0.0113,0.1416,0.0956,0.1194,0.0734,Intel,1,true
DC2ds v3,2,16,0.318,0.226,0.2728,0.1808,0.2276,0.1356,0.0318,0.0226,0.2831,0.1911,0.2388,0.1468,Intel,2,true
DC4ds v3,4,32,0.636,0.452,0.5456,0.3616,0.4552,0.2712,0.0636,0.0452,0.5662,0.3822,0.4776,0.2936,Intel,4,true
DC8ds v3,8,64,1.272,0.904,1.0912,0.7232,0.9104,0.5424,0.1272,0.0904,1.1324,0.7644,0.9552,0.5872,Intel,8,true
DC16ds v3,16,128,2.544,1.808,2.1824,1.4464,1.8208,1.0848,0.2544,0.1808,2.2648,1.5288,1.9103,1.1743,Intel,16,true
DC24ds v3,24,192,3.816,2.712,3.2736,2.1696,2.7312,1.6272,0.3816,0.2712,3.3973,2.2933,2.8654,1.7614,Intel,24,true
DC32ds v3,32,256,5.088,3.616,4.3648,2.8928,3.6416,2.1696,0.5088,0.3616,4.5297,3.0577,3.8206,2.3486,Intel,32,true
DC48ds v3,48,384,7.632,5.424,6.5472,4.3392,5.4624,3.2544,0.7632,0.5424,6.7945,4.5865,5.7309,3.5229,Intel,48,true
D1 v2,1,3.5,0.126,0.073,0.0768,0.0308,0.0662,0.0202,0.0164,0.0074,0.1092,0.0632,0.0959,0.0499,Intel,1,false
D2 v2,2,7,0.252,0.146,0.1538,0.0618,0.1324,0.0404,0.0328,0.0149,0.2185,0.1265,0.1918,0.0998,Intel,2,false
D3 v2,4,14,0.504,0.293,0.3075,0.1235,0.2648,0.0808,0.0656,0.0299,0.4378,0.2538,0.3843,0.2003,Intel,4,false
D4 v2,8,28,1.008,0.585,0.616,0.248,0.5287,0.1607,0.1312,0.0596,0.8747,0.5067,0.7679,0.3999,Intel,8,false
D5 v2,16,56,2.016,1.17,1.2319,0.4959,1.0575,0.3215,0.2625,0.1192,1.7493,1.0133,1.5357,0.7997,Intel,16,false
DS1 v2,1,3.5,0.126,0.073,0.0768,0.0308,0.0662,0.0202,0.0164,0.0074,0.1092,0.0632,0.0959,0.0499,Intel,1,false
DS2 v2,2,7,0.252,0.146,0.1538,0.0618,0.1324,0.0404,0.0328,0.0149,0.2185,0.1265,0.1918,0.0998,Intel,2,false
DS3 v2,4,14,0.504,0.293,0.3075,0.1235,0.2648,0.0808,0.0656,0.0299,0.4378,0.2538,0.3843,0.2003,Intel,4,false
DS4 v2,8,28,1.008,0.585,0.616,0.248,0.5287,0.1607,0.1312,0.0596,0.8747,0.5067,0.7679,0.3999,Intel,8,false
DS5 v2,16,56,2.016,1.17,1.2319,0.4959,1.0575,0.3215,0.2625,0.1192,1.7493,1.0133,1.5357,0.7997,Intel,16,false
DC1s v2,1,4,0.142,0.096,0.1228,0.0768,0.118,0.072,0.0142,0.0096,0.1259,0.0799,0.1052,0.0592,Intel,1,true
DC2s v2,2,8,0.284,0.192,0.2457,0.1537,0.236,0.144,0.0284,0.0192,0.2518,0.1598,0.2104,0.1184,Intel,2,true
DC4s v2,4,16,0.568,0.384,0.4912,0.3072,0.472,0.288,0.0568,0.0384,0.5036,0.3196,0.4209,0.2369,Intel,4,true
DC8 v2,8,32,1.136,0.768,0.9824,0.6144,0.944,0.576,0.1136,0.0768,1.0073,0.6393,0.8418,0.4738,Intel,8,false
F2s v2,2,4,0.163,0.0846,0.142,0.05,0.123,0.031,0.0163,0.0085,0.1492,0.0572,0.1291,0.0371,Intel,2,true
F4s v2,4,8,0.326,0.169,0.284,0.1,0.246,0.062,0.0326,0.0169,0.2983,0.1143,0.258,0.074,Intel,4,true
F8s v2,8,16,0.651,0.338,0.5679,0.1999,0.492,0.124,0.0651,0.0338,0.5965,0.2285,0.5161,0.1481,Intel,8,true
F16s v2,16,32,1.302,0.677,1.1359,0.3999,0.984,0.248,0.1302,0.0677,1.1937,0.4577,1.0326,0.2966,Intel,16,true
F32s v2,32,64,2.604,1.353,2.2718,0.7998,1.9679,0.4959,0.2604,0.1353,2.3868,0.9148,2.0648,0.5928,Intel,32,true
F48s v2,48,96,4.24,2.03,3.4075,1.1995,2.9403,0.7323,0.424,0.203,3.5805,1.3725,3.0973,0.8893,Intel,48,true
F64s v2,64,128,5.209,2.706,4.5435,1.5995,3.9358,0.9918,0.5209,0.2706,4.7735,1.8295,4.1295,1.1855,Intel,64,true
F72s v2,72,144,5.86,3.045,5.1113,1.7993,4.4281,1.1161,0.586,0.3045,5.3707,2.0587,4.646,1.334,Intel,72,true
F1,1,2,0.0957,0.0497,0.0769,0.0309,0.0654,0.0194,0.0125,0.0051,0.0891,0.0431,0.08,0.034,Intel,1,false
F2,2,4,0.192,0.099,0.1539,0.0619,0.1308,0.0388,0.025,0.0101,0.1777,0.0857,0.1597,0.0677,Intel,2,false
F4,4,8,0.383,0.199,0.3088,0.1248,0.2626,0.0786,0.0499,0.0203,0.3564,0.1724,0.32,0.136,Intel,4,false
F8,8,16,0.766,0.398,0.6157,0.2477,0.5252,0.1572,0.0997,0.0406,0.7127,0.3447,0.64,0.272,Intel,8,false
F16,16,32,1.532,0.796,1.2326,0.4966,1.0505,0.3145,0.1995,0.0811,1.4254,0.6894,1.2801,0.5441,Intel,16,false
F1s,1,2,0.0957,0.0497,0.0769,0.0309,0.0654,0.0194,0.0125,0.0051,0.0891,0.0431,0.08,0.034,Intel,1,true
F2s,2,4,0.192,0.099,0.1539,0.0619,0.1308,0.0388,0.025,0.0101,0.1777,0.0857,0.1597,0.0677,Intel,2,true
F4s,4,8,0.383,0.199,0.3088,0.1248,0.2626,0.0786,0.0499,0.0203,0.3564,0.1724,0.32,0.136,Intel,4,true
F8s,8,16,0.766,0.398,0.6157,0.2477,0.5252,0.1572,0.0997,0.0406,0.7127,0.3447,0.64,0.272,Intel,8,true
F16s,16,32,1.532,0.796,1.2326,0.4966,1.0505,0.3145,0.1995,0.0811,1.4254,0.6894,1.2801,0.5441,Intel,16,true
FX4mds,4,84,0.556,0.372,0.4035,0.2195,0.3179,0.1339,0.0556,0.0373,0.4937,0.3097,0.4135,0.2295,Intel,4,true
FX12mds,12,252,1.668,1.116,1.2105,0.6585,0.9538,0.4018,0.1668,0.112,1.481,0.929,1.2405,0.6885,Intel,12,true
FX24mds,24,504,3.336,2.232,2.4209,1.3169,1.9075,0.8035,0.3336,0.2241,2.9619,1.8579,2.4809,1.3769,Intel,24,true
FX36mds,36,756,5.004,3.348,3.6313,1.9753,2.8613,1.2053,0.5004,0.3361,4.4429,2.7869,3.7214,2.0654,Intel,36,true
FX48mds,48,1008,6.672,4.464,4.8418,2.6338,3.815,1.607,0.6672,0.4482,5.9238,3.7158,4.9618,2.7538,Intel,48,true
E2as v5,2,16,0.205,0.113,0.1587,0.0667,0.1349,0.0429,0.0205,0.0113,0.1686,0.0766,0.1455,0.0535,AMD,2,true
E4as v5,4,32,0.41,0.226,0.3173,0.1333,0.2699,0.0859,0.041,0.0226,0.3373,0.1533,0.291,0.107,AMD,4,true
E8as v5,8,64,0.82,0.452,0.6347,0.2667,0.5398,0.1718,0.082,0.0452,0.6745,0.3065,0.582,0.214,AMD,8,true
E16as v5,16,128,1.64,0.904,1.2693,0.5333,1.0795,0.3435,0.164,0.0904,1.349,0.613,1.164,0.428,AMD,16,true
E20as v5,20,160,2.05,1.13,1.5867,0.6667,1.3494,0.4294,0.205,0.113,1.6863,0.7663,1.4549,0.5349,AMD,20,true
E32as v5,32,256,3.28,1.808,2.5387,1.0667,2.159,0.687,0.328,0.1808,2.698,1.226,2.3279,0.8559,AMD,32,true
E48as v5,48,384,4.92,2.712,3.8081,1.6001,3.2386,1.0306,0.492,0.2712,4.047,1.839,3.4919,1.2839,AMD,48,true
E64as v5,64,512,6.56,3.616,5.0775,2.1335,4.3181,1.3741,0.656,0.3616,5.396,2.452,4.6558,1.7118,AMD,64,true
E96as v5,96,672,9.84,5.424,7.6161,3.2001,6.4771,2.0611,0.984,0.5424,8.094,3.678,6.9837,2.5677,AMD,96,true
E2ads v5,2,16,0.223,0.131,0.1693,0.0773,0.1418,0.0498,0.0223,0.0131,0.181,0.089,0.1532,0.0612,AMD,2,true
E4ads v5,4,32,0.446,0.262,0.3386,0.1546,0.2835,0.0995,0.0446,0.0262,0.3619,0.1779,0.3065,0.1225,AMD,4,true
E8ads v5,8,64,0.892,0.524,0.6771,0.3091,0.5671,0.1991,0.0892,0.0524,0.7239,0.3559,0.613,0.245,AMD,8,true
E16ads v5,16,128,1.784,1.048,1.3543,0.6183,1.1343,0.3983,0.1784,0.1048,1.4477,0.7117,1.2259,0.4899,AMD,16,true
E20ads v5,20,160,2.23,1.31,1.693,0.773,1.4178,0.4978,0.223,0.131,1.8096,0.8896,1.5324,0.6124,AMD,20,true
E32ads v5,32,256,3.568,2.096,2.7086,1.2366,2.2685,0.7965,0.3568,0.2096,2.8954,1.4234,2.4519,0.9799,AMD,32,true
E48ads v5,48,384,5.352,3.144,4.0629,1.8549,3.4027,1.1947,0.5352,0.3144,4.3431,2.1351,3.6778,1.4698,AMD,48,true
E64ads v5,64,512,7.136,4.192,5.4173,2.4733,4.537,1.593,0.7136,0.4192,5.7908,2.8468,4.9038,1.9598,AMD,64,true
E96ads v5,96,672,10.704,6.288,8.1259,3.7099,6.8054,2.3894,1.0704,0.6288,8.6862,4.2702,7.3556,2.9396,AMD,96,true
E2a v4,2,16,0.218,0.126,0.1661,0.0741,0.1394,0.0474,0.0218,0.0126,0.1772,0.0852,0.1516,0.0596,AMD,2,false
E4a v4,4,32,0.436,0.252,0.3322,0.1482,0.2788,0.0948,0.0436,0.0252,0.3544,0.1704,0.3033,0.1193,AMD,4,false
E8a v4,8,64,0.872,0.504,0.6644,0.2964,0.5575,0.1895,0.0872,0.0504,0.7088,0.3408,0.6065,0.2385,AMD,8,false
E16a v4,16,128,1.744,1.008,1.3287,0.5927,1.115,0.379,0.1744,0.1008,1.4176,0.6816,1.2131,0.4771,AMD,16,false
E20a v4,20,160,2.18,1.26,1.6609,0.7409,1.3937,0.4737,0.218,0.126,1.772,0.852,1.5164,0.5964,AMD,20,false
E32a v4,32,256,3.488,2.016,2.6574,1.1854,2.23,0.758,0.3488,0.2016,2.8352,1.3632,2.4262,0.9542,AMD,32,false
E48a v4,48,384,5.232,3.024,3.9861,1.7781,3.345,1.137,0.5232,0.3024,4.2528,2.0448,3.6393,1.4313,AMD,48,false
E64a v4,64,512,6.976,4.032,5.3148,2.3708,4.46,1.516,0.6976,0.4032,5.6704,2.7264,4.8524,1.9084,AMD,64,false
E96a v4,96,672,10.464,6.048,7.9722,3.5562,6.6901,2.2741,1.0464,0.6048,8.5057,4.0897,7.2785,2.8625,AMD,96,false
E2as v4,2,16,0.218,0.126,0.1661,0.0741,0.1394,0.0474,0.0218,0.0126,0.1772,0.0852,0.1516,0.0596,AMD,2,true
E4as v4,4,32,0.436,0.252,0.3322,0.1482,0.2788,0.0948,0.0436,0.0252,0.3544,0.1704,0.3033,0.1193,AMD,4,true
E8as v4,8,64,0.872,0.504,0.6644,0.2964,0.5575,0.1895,0.0872,0.0504,0.7088,0.3408,0.6065,0.2385,AMD,8,true
E16as v4,16,128,1.744,1.008,1.3287,0.5927,1.115,0.379,0.1744,0.1008,1.4176,0.6816,1.2131,0.4771,AMD,16,true
E20as v4,20,160,2.18,1.26,1.6609,0.7409,1.3937,0.4737,0.218,0.126,1.772,0.852,1.5164,0.5964,AMD,20,true
E32as v4,32,256,3.488,2.016,2.6574,1.1854,2.23,0.758,0.3488,0.2016,2.8352,1.3632,2.4262,0.9542,AMD,32,true
E48as v4,48,384,5.232,3.024,3.9861,1.7781,3.345,1.137,0.5232,0.3024,4.2528,2.0448,3.6393,1.4313,AMD,48,true
E64as v4,64,512,6.976,4.032,5.3148,2.3708,4.46,1.516,0.6976,0.4032,5.6704,2.7264,4.8524,1.9084,AMD,64,true
E96as v4,96,672,10.464,6.048,7.9722,3.5562,6.6901,2.2741,1.0464,0.6048,8.5057,4.0897,7.2785,2.8625,AMD,96,true
E2d v5,2,16,0.236,0.144,0.1769,0.0849,0.1467,0.0547,0.0236,0.0144,0.1896,0.0976,0.1593,0.0673,Intel,2,false
E4d v5,4,32,0.472,0.288,0.3539,0.1699,0.2934,0.1094,0.0472,0.0288,0.3791,0.1951,0.3186,0.1346,Intel,4,false
E8d v5,8,64,0.944,0.576,0.7078,0.3398,0.5869,0.2189,0.0944,0.0576,0.7582,0.3902,0.6372,0.2692,Intel,8,false
E16d v5,16,128,1.888,1.152,1.4157,0.6797,1.1738,0.4378,0.1888,0.1152,1.5164,0.7804,1.2743,0.5383,Intel,16,false
E20d v5,20,160,2.36,1.44,1.7695,0.8495,1.4672,0.5472,0.236,0.144,1.8955,0.9755,1.5929,0.6729,Intel,20,false
E32d v5,32,256,3.776,2.304,2.8314,1.3594,2.3475,0.8755,0.3776,0.2304,3.0327,1.5607,2.5487,1.0767,Intel,32,false
E48d v5,48,384,5.664,3.456,4.247,2.039,3.5213,1.3133,0.5664,0.3456,4.5491,2.3411,3.823,1.615,Intel,48,false
E64d v5,64,512,7.552,4.608,5.6627,2.7187,4.695,1.751,0.7552,0.4608,6.0655,3.1215,5.0973,2.1533,Intel,64,false
E96d v5,96,672,11.328,6.912,8.4941,4.0781,7.0426,2.6266,1.1328,0.6912,9.0982,4.6822,7.646,3.23,Intel,96,false
E104id v5,104,672,13.021,8.237,9.6437,4.8597,7.914,3.13,1.3021,0.8237,10.3637,5.5797,8.6332,3.8492,Intel,104,false
E2ds v5,2,16,0.236,0.144,0.1769,0.0849,0.1467,0.0547,0.0236,0.0144,0.1896,0.0976,0.1593,0.0673,Intel,2,true
E4ds v5,4,32,0.472,0.288,0.3539,0.1699,0.2934,0.1094,0.0472,0.0288,0.3791,0.1951,0.3186,0.1346,Intel,4,true
E8ds v5,8,64,0.944,0.576,0.7078,0.3398,0.5869,0.2189,0.0944,0.0576,0.7582,0.3902,0.6372,0.2692,Intel,8,true
E16ds v5,16,128,1.888,1.152,1.4157,0.6797,1.1738,0.4378,0.1888,0.1152,1.5164,0.7804,1.2743,0.5383,Intel,16,true
E20ds v5,20,160,2.36,1.44,1.7695,0.8495,1.4672,0.5472,0.236,0.144,1.8955,0.9755,1.5929,0.6729,Intel,20,true
E32ds v5,32,256,3.776,2.304,2.8314,1.3594,2.3475,0.8755,0.3776,0.2304,3.0327,1.5607,2.5487,1.0767,Intel,32,true
E48ds v5,48,384,5.664,3.456,4.247,2.039,3.5213,1.3133,0.5664,0.3456,4.5491,2.3411,3.823,1.615,Intel,48,true
E64ds v5,64,512,7.552,4.608,5.6627,2.7187,4.695,1.751,0.7552,0.4608,6.0655,3.1215,5.0973,2.1533,Intel,64,true
E96ds v5,96,672,11.328,6.912,8.4941,4.0781,7.0426,2.6266,1.1328,0.6912,9.0982,4.6822,7.646,3.23,Intel,96,true
E104ids v5,104,672,13.021,8.237,9.6437,4.8597,7.914,3.13,1.3021,0.8237,10.3637,5.5797,8.6332,3.8492,Intel,104,true
E2 v5,2,16,0.218,0.126,0.1663,0.0743,0.1399,0.0479,0.0218,0.0126,0.1772,0.0852,0.1516,0.0596,Intel,2,false
E4 v5,4,32,0.436,0.252,0.3326,0.1486,0.2798,0.0958,0.0436,0.0252,0.3544,0.1704,0.3033,0.1193,Intel,4,false
E8 v5,8,64,0.872,0.504,0.6654,0.2974,0.5595,0.1915,0.0872,0.0504,0.7088,0.3408,0.6065,0.2385,Intel,8,false
E16 v5,16,128,1.744,1.008,1.3308,0.5948,1.119,0.383,0.1744,0.1008,1.4176,0.6816,1.2131,0.4771,Intel,16,false
E20 v5,20,160,2.18,1.26,1.6634,0.7434,1.3988,0.4788,0.218,0.126,1.772,0.852,1.5164,0.5964,Intel,20,false
E32 v5,32,256,3.488,2.016,2.6614,1.1894,2.2381,0.7661,0.3488,0.2016,2.8352,1.3632,2.4262,0.9542,Intel,32,false
E48 v5,48,384,5.232,3.024,3.9921,1.7841,3.3571,1.1491,0.5232,0.3024,4.2528,2.0448,3.6393,1.4313,Intel,48,false
E64 v5,64,512,6.976,4.032,5.3229,2.3789,4.4762,1.5322,0.6976,0.4032,5.6704,2.7264,4.8524,1.9084,Intel,64,false
E96 v5,96,672,10.464,6.048,7.9843,3.5683,6.7143,2.2983,1.0464,0.6048,8.5057,4.0897,7.2785,2.8625,Intel,96,false
E104i v5,104,672,11.991,7.207,9.0363,4.2523,7.5227,2.7387,1.1991,0.7207,9.6574,4.8734,8.1951,3.4111,Intel,104,false
E2s v5,2,16,0.218,0.126,0.1663,0.0743,0.1399,0.0479,0.0218,0.0126,0.1772,0.0852,0.1516,0.0596,Intel,2,true
E4s v5,4,32,0.436,0.252,0.3326,0.1486,0.2798,0.0958,0.0436,0.0252,0.3544,0.1704,0.3033,0.1193,Intel,4,true
E8s v5,8,64,0.872,0.504,0.6654,0.2974,0.5595,0.1915,0.0872,0.0504,0.7088,0.3408,0.6065,0.2385,Intel,8,true
E16s v5,16,128,1.744,1.008,1.3308,0.5948,1.119,0.383,0.1744,0.1008,1.4176,0.6816,1.2131,0.4771,Intel,16,true
E20s v5,20,160,2.18,1.26,1.6634,0.7434,1.3988,0.4788,0.218,0.126,1.772,0.852,1.5164,0.5964,Intel,20,true
E32s v5,32,256,3.488,2.016,2.6614,1.1894,2.2381,0.7661,0.3488,0.2016,2.8352,1.3632,2.4262,0.9542,Intel,32,true
E48s v5,48,384,5.232,3.024,3.9921,1.7841,3.3571,1.1491,0.5232,0.3024,4.2528,2.0448,3.6393,1.4313,Intel,48,true
E64s v5,64,512,6.976,4.032,5.3229,2.3789,4.4762,1.5322,0.6976,0.4032,5.6704,2.7264,4.8524,1.9084,Intel,64,true
E96s v5,96,672,10.464,6.048,7.9843,3.5683,6.7143,2.2983,1.0464,0.6048,8.5057,4.0897,7.2785,2.8625,Intel,96,true
E104is v5,104,672,11.991,7.207,9.0363,4.2523,7.5227,2.7387,1.1991,0.7207,9.6574,4.8734,8.1951,3.4111,Intel,104,true
E2bds v5,2,16,0.259,0.167,0.1905,0.0985,0.1555,0.0635,0.0259,0.0167,0.2049,0.1129,0.1627,0.0707,Intel,2,true
E4bds v5,4,32,0.518,0.334,0.381,0.197,0.3109,0.1269,0.0518,0.0334,0.4099,0.2259,0.3254,0.1414,Intel,4,true
E8bds v5,8,64,1.036,0.668,0.7621,0.3941,0.6218,0.2538,0.1036,0.0668,0.8197,0.4517,0.6508,0.2828,Intel,8,true
E16bds v5,16,128,2.072,1.336,1.5242,0.7882,1.2437,0.5077,0.2072,0.1336,1.6394,0.9034,1.3017,0.5657,Intel,16,true
E32bds v5,32,256,4.144,2.672,3.0485,1.5765,2.4874,1.0154,0.4144,0.2672,3.2788,1.8068,2.6033,1.1313,Intel,32,true
E48bds v5,48,384,6.216,4.008,4.5727,2.3647,3.731,1.523,0.6216,0.4008,4.9182,2.7102,3.905,1.697,Intel,48,true
E64bds v5,64,512,8.288,5.344,6.097,3.153,4.9747,2.0307,0.8288,0.5344,6.5576,3.6136,5.2067,2.2627,Intel,64,true
E96bds v5,96,672,12.432,8.016,9.1455,4.7295,7.4621,3.0461,1.2432,0.8016,9.8364,5.4204,7.81,3.394,Intel,96,true
E112ibds v5,112,672,15.439,10.287,11.2214,6.0694,9.0611,3.9091,1.5439,1.0287,N/A,N/A,N/A,N/A,Intel,112,true
E2bs v5,2,16,0.241,0.149,0.1799,0.0879,0.1442,0.0522,0.0241,0.0149,0.1928,0.1008,0.1551,0.0631,Intel,2,true
E4bs v5,4,32,0.482,0.298,0.3598,0.1758,0.2883,0.1043,0.0482,0.0298,0.3855,0.2015,0.3102,0.1262,Intel,4,true
E8bs v5,8,64,0.964,0.596,0.7196,0.3516,0.5766,0.2086,0.0964,0.0596,0.771,0.403,0.6204,0.2524,Intel,8,true
E16bs v5,16,128,1.928,1.192,1.4393,0.7033,1.1532,0.4172,0.1928,0.1192,1.542,0.806,1.2407,0.5047,Intel,16,true
E32bs v5,32,256,3.856,2.384,2.8785,1.4065,2.3064,0.8344,0.3856,0.2384,3.0841,1.6121,2.4814,1.0094,Intel,32,true
E48bs v5,48,384,5.784,3.576,4.3178,2.1098,3.4596,1.2516,0.5784,0.3576,4.6261,2.4181,3.7221,1.5141,Intel,48,true
E64bs v5,64,512,7.712,4.768,5.7571,2.8131,4.6128,1.6688,0.7712,0.4768,6.1681,3.2241,4.9628,2.0188,Intel,64,true
E96bs v5,96,672,11.568,7.152,8.6356,4.2196,6.9192,2.5032,1.1568,0.7152,9.2522,4.8362,7.4442,3.0282,Intel,96,true
E112ibs v5,112,672,14.33,9.178,10.5673,5.4153,8.3644,3.2124,1.433,0.9178,11.3582,6.2062,9.038,3.886,Intel,112,true
E2d v4,2,16,0.236,0.144,0.1767,0.0847,0.1462,0.0542,0.0236,0.0144,0.1896,0.0976,0.1593,0.0673,Intel,2,false
E4d v4,4,32,0.472,0.288,0.3533,0.1693,0.2923,0.1083,0.0472,0.0288,0.3791,0.1951,0.3186,0.1346,Intel,4,false
E8d v4,8,64,0.944,0.576,0.7067,0.3387,0.5846,0.2166,0.0944,0.0576,0.7582,0.3902,0.6372,0.2692,Intel,8,false
E16d v4,16,128,1.888,1.152,1.4134,0.6774,1.1691,0.4331,0.1888,0.1152,1.5164,0.7804,1.2743,0.5383,Intel,16,false
E20d v4,20,160,2.36,1.44,1.7665,0.8465,1.4615,0.5415,0.236,0.144,1.8955,0.9755,1.5929,0.6729,Intel,20,false
E32d v4,32,256,3.776,2.304,2.8268,1.3548,2.3383,0.8663,0.3776,0.2304,3.0327,1.5607,2.5487,1.0767,Intel,32,false
E48d v4,48,384,5.664,3.456,4.2401,2.0321,3.5075,1.2995,0.5664,0.3456,4.5491,2.3411,3.823,1.615,Intel,48,false
E64d v4,64,504,7.552,4.608,5.6535,2.7095,4.6766,1.7326,0.7552,0.4608,6.0655,3.1215,5.0973,2.1533,Intel,64,false
E2ds v4,2,16,0.236,0.144,0.1767,0.0847,0.1462,0.0542,0.0236,0.0144,0.1896,0.0976,0.1593,0.0673,Intel,2,true
E4ds v4,4,32,0.472,0.288,0.3533,0.1693,0.2923,0.1083,0.0472,0.0288,0.3791,0.1951,0.3186,0.1346,Intel,4,true
E8ds v4,8,64,0.944,0.576,0.7067,0.3387,0.5846,0.2166,0.0944,0.0576,0.7582,0.3902,0.6372,0.2692,Intel,8,true
E16ds v4,16,128,1.888,1.152,1.4134,0.6774,1.1691,0.4331,0.1888,0.1152,1.5164,0.7804,1.2743,0.5383,Intel,16,true
E20ds v4,20,160,2.36,1.44,1.7665,0.8465,1.4615,0.5415,0.236,0.144,1.8955,0.9755,1.5929,0.6729,Intel,20,true
E32ds v4,32,256,3.776,2.304,2.8268,1.3548,2.3383,0.8663,0.3776,0.2304,3.0327,1.5607,2.5487,1.0767,Intel,32,true
E48ds v4,48,384,5.664,3.456,4.2401,2.0321,3.5075,1.2995,0.5664,0.3456,4.5491,2.3411,3.823,1.615,Intel,48,true
E64ds v4,64,504,7.552,4.608,5.6535,2.7095,4.6766,1.7326,0.7552,0.4608,6.0655,3.1215,5.0973,2.1533,Intel,64,true
E80ids v4,80,504,9.44,5.76,7.0658,3.3858,5.8459,2.1659,0.944,0.576,7.5818,3.9018,6.3717,2.6917,Intel,80,true
EC2ads v5,2,16,0.223,0.131,0.1968,0.1048,0.1706,0.0786,0.1561,0.0917,0.2025,0.1105,0.178,0.086,AMD,2,true
EC4ads v5,4,32,0.446,0.262,0.3936,0.2096,0.3412,0.1572,0.3122,0.1834,0.405,0.221,0.356,0.172,AMD,4,true
EC8ads v5,8,64,0.892,0.524,0.7872,0.4192,0.6824,0.3144,0.6244,0.3668,0.81,0.442,0.712,0.344,AMD,8,true
EC16ads v5,16,128,1.784,1.048,1.5744,0.8384,1.3648,0.6288,1.2488,0.7336,1.62,0.884,1.424,0.688,AMD,16,true
EC20ads v5,20,160,2.23,1.31,1.968,1.048,1.706,0.786,1.561,0.917,2.025,1.105,1.78,0.86,AMD,20,true
EC32ads v5,32,192,3.568,2.096,3.1488,1.6768,2.7296,1.2576,2.4976,1.4672,3.24,1.768,2.848,1.376,AMD,32,true
EC48ads v5,48,384,5.352,3.144,4.7232,2.5152,4.0944,1.8864,3.7464,2.2008,4.86,2.652,4.272,2.064,AMD,48,true
EC64ads v5,64,512,7.136,4.192,6.2977,3.3537,5.4592,2.5152,4.9952,2.9344,6.48,3.536,5.6961,2.7521,AMD,64,true
EC96ads v5,96,672,10.704,6.288,9.4464,5.0304,8.1888,3.7728,7.4928,4.4016,9.7199,5.3039,8.5441,4.1281,AMD,96,true
EC96iads v5,96,672,11.333,6.917,9.9495,5.5335,8.5661,4.1501,7.9331,4.8419,10.2505,5.8345,8.957,4.541,AMD,96,true
EC2as v5,2,16,0.205,0.113,0.1824,0.0904,0.1598,0.0678,0.1435,0.0791,0.1873,0.0953,0.1666,0.0746,AMD,2,true
EC4as v5,4,32,0.41,0.226,0.3648,0.1808,0.3196,0.1356,0.287,0.1582,0.3745,0.1905,0.3332,0.1492,AMD,4,true
EC8as v5,8,64,0.82,0.452,0.7296,0.3616,0.6392,0.2712,0.574,0.3164,0.749,0.381,0.6665,0.2985,AMD,8,true
EC16as v5,16,128,1.64,0.904,1.4592,0.7232,1.2784,0.5424,1.148,0.6328,1.4981,0.7621,1.3329,0.5969,AMD,16,true
EC20as v5,20,160,2.05,1.13,1.824,0.904,1.598,0.678,1.435,0.791,1.8726,0.9526,1.6661,0.7461,AMD,20,true
EC32as v5,32,192,3.28,1.808,2.9184,1.4464,2.5568,1.0848,2.296,1.2656,2.9961,1.5241,2.6658,1.1938,AMD,32,true
EC48as v5,48,384,4.92,2.712,4.3776,2.1696,3.8352,1.6272,3.444,1.8984,4.4942,2.2862,3.9987,1.7907,AMD,48,true
EC64as v5,64,512,6.56,3.616,5.8368,2.8928,5.1136,2.1696,4.592,2.5312,5.9923,3.0483,5.3316,2.3876,AMD,64,true
EC96as v5,96,672,9.84,5.424,8.7552,4.3392,7.6704,3.2544,6.888,3.7968,8.9884,4.5724,7.9975,3.5815,AMD,96,true
EC96ias v5,96,672,10.382,5.966,9.1892,4.7732,7.9958,3.5798,7.2674,4.1762,9.4453,5.0293,8.3554,3.9394,AMD,96,true
E2 v4,2,16,0.218,0.126,0.1661,0.0741,0.1394,0.0474,0.0218,0.0126,0.1772,0.0852,0.1516,0.0596,Intel,2,false
E4 v4,4,32,0.436,0.252,0.3322,0.1482,0.2788,0.0948,0.0436,0.0252,0.3544,0.1704,0.3033,0.1193,Intel,4,false
E8 v4,8,64,0.872,0.504,0.6644,0.2964,0.5575,0.1895,0.0872,0.0504,0.7088,0.3408,0.6065,0.2385,Intel,8,false
E16 v4,16,128,1.744,1.008,1.3287,0.5927,1.115,0.379,0.1744,0.1008,1.4176,0.6816,1.2131,0.4771,Intel,16,false
E32 v4,32,256,3.488,2.016,2.6574,1.1854,2.23,0.758,0.3488,0.2016,2.8352,1.3632,2.4262,0.9542,Intel,32,false
E48 v4,48,384,5.232,3.024,3.9861,1.7781,3.345,1.137,0.5232,0.3024,4.2528,2.0448,3.6393,1.4313,Intel,48,false
E64 v4,64,504,6.976,4.032,5.3148,2.3708,4.46,1.516,0.6976,0.4032,5.6704,2.7264,4.8524,1.9084,Intel,64,false
E2s v4,2,16,0.218,0.126,0.1661,0.0741,0.1394,0.0474,0.0218,0.0126,0.1772,0.0852,0.1516,0.0596,Intel,2,true
E4s v4,4,32,0.436,0.252,0.3322,0.1482,0.2788,0.0948,0.0436,0.0252,0.3544,0.1704,0.3033,0.1193,Intel,4,true
E8s v4,8,64,0.872,0.504,0.6644,0.2964,0.5575,0.1895,0.0872,0.0504,0.7088,0.3408,0.6065,0.2385,Intel,8,true
E16s v4,16,128,1.744,1.008,1.3287,0.5927,1.115,0.379,0.1744,0.1008,1.4176,0.6816,1.2131,0.4771,Intel,16,true
E20s v4,20,160,2.18,1.26,1.6609,0.7409,1.3937,0.4737,0.218,0.126,1.772,0.852,1.5164,0.5964,Intel,20,true
E32s v4,32,256,3.488,2.016,2.6574,1.1854,2.23,0.758,0.3488,0.2016,2.8352,1.3632,2.4262,0.9542,Intel,32,true
E48s v4,48,384,5.232,3.024,3.9861,1.7781,3.345,1.137,0.5232,0.3024,4.2528,2.0448,3.6393,1.4313,Intel,48,true
E64s v4,64,504,6.976,4.032,5.3148,2.3708,4.46,1.516,0.6976,0.4032,5.6704,2.7264,4.8524,1.9084,Intel,64,true
E80is v4,80,504,8.72,5.04,6.6435,2.9635,5.575,1.895,0.872,0.504,7.0881,3.4081,6.0654,2.3854,Intel,80,true
E2 v3,2,16,0.218,0.126,0.1702,0.0782,0.142,0.05,0.0218,0.0126,0.2011,0.1091,0.1781,0.0861,Intel,2,false
E4 v3,4,32,0.436,0.252,0.3404,0.1564,0.284,0.1,0.0436,0.0252,0.4023,0.2183,0.3562,0.1722,Intel,4,false
E8 v3,8,64,0.872,0.504,0.6808,0.3128,0.568,0.2,0.0872,0.0504,0.8045,0.4365,0.7125,0.3445,Intel,8,false
E16 v3,16,128,1.744,1.008,1.3617,0.6257,1.1361,0.4001,0.1744,0.1008,1.609,0.873,1.425,0.689,Intel,16,false
E20 v3,20,160,2.18,1.26,1.6609,0.7409,1.4175,0.4975,0.218,0.126,2.0113,1.0913,1.7812,0.8612,Intel,20,false
E32 v3,32,256,3.488,2.016,2.7233,1.2513,2.2721,0.8001,0.3488,0.2016,3.2181,1.7461,2.8499,1.3779,Intel,32,false
E48 v3,48,384,5.232,3.024,3.9861,1.7781,3.4019,1.1939,0.5232,0.3024,4.8271,2.6191,4.2749,2.0669,Intel,48,false
E64i v3,64,432,6.573,3.629,5.5162,2.5722,4.3767,1.4327,0.6573,0.3629,6.0871,3.1431,5.4244,2.4804,Intel,64,false
E64 v3,64,432,6.573,3.629,5.3026,2.3586,4.4522,1.5082,0.6573,0.3629,6.0871,3.1431,5.4244,2.4804,Intel,64,false
E2s v3,2,16,0.218,0.126,0.1702,0.0782,0.142,0.05,0.0218,0.0126,0.2011,0.1091,0.1781,0.0861,Intel,2,true
E4s v3,4,32,0.436,0.252,0.3404,0.1564,0.284,0.1,0.0436,0.0252,0.4023,0.2183,0.3562,0.1722,Intel,4,true
E8s v3,8,64,0.872,0.504,0.6808,0.3128,0.568,0.2,0.0872,0.0504,0.8045,0.4365,0.7125,0.3445,Intel,8,true
E16s v3,16,128,1.744,1.008,1.3617,0.6257,1.1361,0.4001,0.1744,0.1008,1.609,0.873,1.425,0.689,Intel,16,true
E20s v3,20,160,2.18,1.26,1.6609,0.7409,1.4175,0.4975,0.218,0.126,2.0113,1.0913,1.7812,0.8612,Intel,20,true
E32s v3,32,256,3.488,2.016,2.7233,1.2513,2.2721,0.8001,0.3488,0.2016,3.2181,1.7461,2.8499,1.3779,Intel,32,true
E48s v3,48,384,5.232,3.024,3.9861,1.7781,3.4019,1.1939,0.5232,0.3024,4.8271,2.6191,4.2749,2.0669,Intel,48,true
E64is v3,64,432,6.573,3.629,5.5162,2.5722,4.3767,1.4327,0.6573,0.3629,6.0871,3.1431,5.4244,2.4804,Intel,64,true
E64s v3,64,432,6.573,3.629,5.3026,2.3586,4.4522,1.5082,0.6573,0.3629,6.0871,3.1431,5.4244,2.4804,Intel,64,true
D11 v2,2,14,0.264,0.185,0.1801,0.0881,0.1503,0.0583,0.0344,0.0189,0.2522,0.1602,0.2185,0.1265,Intel,2,false
D12 v2,4,28,0.528,0.371,0.3604,0.1764,0.3006,0.1166,0.0687,0.0378,0.5053,0.3213,0.4376,0.2536,Intel,4,false
D13 v2,8,56,1.056,0.741,0.7207,0.3527,0.6013,0.2333,0.1375,0.0755,1.0098,0.6418,0.8745,0.5065,Intel,8,false
D14 v2,16,112,2.111,1.482,1.4417,0.7057,1.2026,0.4666,0.2749,0.151,2.0196,1.2836,1.749,1.013,Intel,16,false
D15i v2,20,140,2.639,1.853,N/A,N/A,N/A,N/A,0.3436,0.1888,2.5249,1.6049,2.1865,1.2665,Intel,20,false
D15 v2,20,140,2.639,1.853,1.8021,0.8821,1.5032,0.5832,0.3436,0.1888,2.5249,1.6049,2.1865,1.2665,Intel,20,false
DS11 v2,2,14,0.264,0.185,0.1801,0.0881,0.1503,0.0583,0.0344,0.0189,0.2522,0.1602,0.2185,0.1265,Intel,2,false
DS12 v2,4,28,0.528,0.371,0.3604,0.1764,0.3006,0.1166,0.0687,0.0378,0.5053,0.3213,0.4376,0.2536,Intel,4,false
DS13 v2,8,56,1.056,0.741,0.7207,0.3527,0.6013,0.2333,0.1375,0.0755,1.0098,0.6418,0.8745,0.5065,Intel,8,false
DS14 v2,16,112,2.111,1.482,1.4417,0.7057,1.2026,0.4666,0.2749,0.151,2.0196,1.2836,1.749,1.013,Intel,16,false
DS15i v2,20,140,2.639,1.853,N/A,N/A,N/A,N/A,0.3436,0.1888,2.5249,1.6049,2.1865,1.2665,Intel,20,false
DS15 v2,20,140,2.639,1.853,1.8021,0.8821,1.5032,0.5832,0.3436,0.1888,2.5249,1.6049,2.1865,1.2665,Intel,20,false
M8ms,8,218.8,2.1069,1.5365,1.2516,0.8836,0.7979,0.4299,0.2107,0.1537,1.428,1.06,0.9056,0.5376,Intel,8,true
M16ms,16,437.5,4.2138,3.073,2.5032,1.7672,1.5957,0.8597,0.4214,0.3073,2.8561,2.1201,1.8112,1.0752,Intel,16,true
M32ts,32,192,4.179,2.707,3.0287,1.5567,2.2293,0.7573,0.4179,0.2707,3.3396,1.8676,2.4192,0.9472,Intel,32,true
M32ls,32,256,4.345,2.873,3.1243,1.6523,2.2758,0.8038,0.4345,0.2873,3.4541,1.9821,2.4773,1.0053,Intel,32,true
M32ms,32,875,8.4276,6.146,5.0064,3.5344,3.1914,1.7194,0.8428,0.6146,5.7121,4.2401,3.6225,2.1505,Intel,32,true
M64ls,64,512,8.359,5.415,6.058,3.114,4.459,1.515,0.8359,0.5415,6.6798,3.7358,4.8387,1.8947,Intel,64,true
M64,64,1000,9.613,6.669,6.7792,3.8352,4.8098,1.8658,0.9613,0.6669,7.5449,4.6009,5.2775,2.3335,Intel,64,false
M64s,64,1024,9.613,6.669,6.7792,3.8352,4.8098,1.8658,0.9613,0.6669,7.5449,4.6009,5.2775,2.3335,Intel,64,true
M64ms,64,1750,14.641,10.337,8.8882,5.9442,5.8358,2.8918,1.4641,1.0337,10.0755,7.1315,6.5609,3.6169,Intel,64,true
M64m,64,1750,14.641,10.337,8.8882,5.9442,5.8358,2.8918,1.4641,1.0337,10.0755,7.1315,6.5609,3.6169,Intel,64,false
M128s,128,2000,19.226,13.338,13.5583,7.6703,9.6195,3.7315,1.9226,1.3338,15.0899,9.2019,10.555,4.667,Intel,128,true
M128,128,2000,19.226,13.338,13.5583,7.6703,9.6195,3.7315,1.9226,1.3338,15.0899,9.2019,10.555,4.667,Intel,128,false
M128ms,128,3800,35.814,26.688,21.1941,15.3061,13.3341,7.4461,3.5814,2.6688,24.3001,18.4121,15.2261,9.3381,Intel,128,true
M128m,128,3800,35.814,26.688,21.1941,15.3061,13.3341,7.4461,3.5814,2.6688,24.3001,18.4121,15.2261,9.3381,Intel,128,false
M32dms v2,32,875,7.618,6.146,5.0465,3.5745,3.1978,1.7258,0.7618,0.6146,5.7121,4.2401,3.6225,2.1505,Intel,32,true
M64ds v2,64,1024,9.613,6.669,6.8227,3.8787,4.8166,1.8726,0.9613,0.6669,7.5449,4.6009,5.2775,2.3335,Intel,64,true
M64dms v2,64,1792,13.284,10.34,8.9578,6.0138,5.8475,2.9035,1.3284,1.034,10.0776,7.1336,6.562,3.618,Intel,64,true
M128ds v2,128,2048,19.228,13.34,13.6466,7.7586,9.6339,3.7459,1.9228,1.334,15.0913,9.2033,10.5557,4.6677,Intel,128,true
M128dms v2,128,3892,32.578,26.69,21.411,15.523,13.3826,7.4946,3.2578,2.669,24.3014,18.4134,15.2268,9.3388,Intel,128,true
M192ids v2,192,2048,24.864,16.032,18.1561,9.3241,13.3338,4.5018,2.4864,1.6032,19.8925,11.0605,14.4416,5.6096,Intel,192,true
M192idms v2,192,4096,40.896,32.064,27.4803,18.6483,17.8355,9.0035,4.0896,3.2064,30.953,22.121,20.0512,11.2192,Intel,192,true
M32ms v2,32,875,7.513,6.041,4.9854,3.5134,3.1683,1.6963,0.7513,0.6041,5.6397,4.1677,3.5858,2.1138,Intel,32,true
M64s v2,64,1024,9.403,6.459,6.7003,3.7563,4.7576,1.8136,0.9403,0.6459,7.4001,4.4561,5.204,2.26,Intel,64,true
M64ms v2,64,1792,13.073,10.13,8.8353,5.8913,5.7884,2.8444,1.3073,1.013,9.9327,6.9887,6.4885,3.5445,Intel,64,true
M128s v2,128,2048,18.807,12.919,13.4018,7.5138,9.5157,3.6277,1.8807,1.2919,14.8008,8.9128,10.4084,4.5204,Intel,128,true
M128ms v2,128,3892,32.157,26.269,21.1662,15.2782,13.2644,7.3764,3.2157,2.6269,24.011,18.123,15.0795,9.1915,Intel,128,true
M192is v2,192,2048,24.444,15.611,17.9115,9.0795,13.2156,4.3836,2.4444,1.5611,19.602,10.77,14.2943,5.4623,Intel,192,true
M192ims v2,192,4096,40.476,31.643,27.2355,18.4035,17.7174,8.8854,4.0476,3.1643,30.6625,21.8305,19.9039,11.0719,Intel,192,true
M208s v2,208,2850,31.878,22.31,22.5432,12.9752,15.8319,6.2639,3.1878,2.231,24.9597,15.3917,17.3743,7.8063,Intel,208,true
M208ms v2,208,5700,54.188,44.62,35.5185,25.9505,22.0958,12.5278,5.4188,4.462,40.3513,30.7833,25.1805,15.6125,Intel,208,true
M416s v2,416,5700,68.716,49.58,47.9712,28.8352,33.0564,13.9204,6.8716,4.958,53.3412,34.2052,36.484,17.348,Intel,416,true
M416s_8_v2,416,7600,85.25,66.11,57.586,38.45,37.696,18.56,8.525,6.611,64.7453,45.6093,42.2679,23.1319,Intel,416,true
M416ms v2,416,11400,118.29,99.15,76.8005,57.6645,46.9741,27.8381,11.829,9.915,87.5396,68.4036,53.8286,34.6926,Intel,416,true
DS11-1 v2,2,14,0.264,0.185,0.1801,0.0881,0.1503,0.0583,0.0344,0.0189,0.2522,0.1602,0.2185,0.1265,Intel,1,false
DS12-1 v2,4,28,0.528,0.371,0.3604,0.1764,0.3006,0.1166,0.0687,0.0378,0.5053,0.3213,0.4376,0.2536,Intel,1,false
DS12-2 v2,4,28,0.528,0.371,0.3604,0.1764,0.3006,0.1166,0.0687,0.0378,0.5053,0.3213,0.4376,0.2536,Intel,2,false
E4-2ads v5,4,32,0.446,0.262,0.3386,0.1546,0.2835,0.0995,0.0446,0.0262,0.3619,0.1779,0.3065,0.1225,AMD,2,true
E4-2as v4,4,32,0.436,0.252,0.3322,0.1482,0.2788,0.0948,0.0436,0.0252,0.3544,0.1704,0.3033,0.1193,AMD,2,true
E4-2as v5,4,32,0.41,0.226,0.3173,0.1333,0.2699,0.0859,0.041,0.0226,0.3373,0.1533,0.291,0.107,AMD,2,true
E4-2ds v4,4,32,0.472,0.288,0.3533,0.1693,0.2923,0.1083,0.0472,0.0288,0.3791,0.1951,0.3186,0.1346,Intel,2,true
E4-2ds v5,4,32,0.472,0.288,0.3539,0.1699,0.2934,0.1094,0.0472,0.0288,0.3791,0.1951,0.3186,0.1346,Intel,2,true
E4-2s v3,4,32,0.436,0.252,0.3404,0.1564,0.284,0.1,0.0436,0.0252,0.4023,0.2183,0.3562,0.1722,Intel,2,true
E4-2s v4,4,32,0.436,0.252,0.3322,0.1482,0.2788,0.0948,0.0436,0.0252,0.3544,0.1704,0.3033,0.1193,Intel,2,true
E4-2s v5,4,32,0.436,0.252,0.3326,0.1486,0.2798,0.0958,0.0436,0.0252,0.3544,0.1704,0.3033,0.1193,Intel,2,true
DS13-2 v2,8,56,1.056,0.741,0.7207,0.3527,0.6013,0.2333,0.1375,0.0755,1.0098,0.6418,0.8745,0.5065,Intel,2,false
DS13-4 v2,8,56,1.056,0.741,0.7207,0.3527,0.6013,0.2333,0.1375,0.0755,1.0098,0.6418,0.8745,0.5065,Intel,4,false
E8-2ads v5,8,64,0.892,0.524,0.6771,0.3091,0.5671,0.1991,0.0892,0.0524,0.7239,0.3559,0.613,0.245,AMD,2,true
E8-2as v4,8,64,0.872,0.504,0.6644,0.2964,0.5575,0.1895,0.0872,0.0504,0.7088,0.3408,0.6065,0.2385,AMD,2,true
E8-2as v5,8,64,0.82,0.452,0.6347,0.2667,0.5398,0.1718,0.082,0.0452,0.6745,0.3065,0.582,0.214,AMD,2,true
E8-2ds v4,8,64,0.944,0.576,0.7067,0.3387,0.5846,0.2166,0.0944,0.0576,0.7582,0.3902,0.6372,0.2692,Intel,2,true
E8-2ds v5,8,64,0.944,0.576,0.7078,0.3398,0.5869,0.2189,0.0944,0.0576,0.7582,0.3902,0.6372,0.2692,Intel,2,true
E8-2s v3,8,64,0.872,0.504,0.6808,0.3128,0.568,0.2,0.0872,0.0504,0.8045,0.4365,0.7125,0.3445,Intel,2,true
E8-2s v4,8,64,0.872,0.504,0.6644,0.2964,0.5575,0.1895,0.0872,0.0504,0.7088,0.3408,0.6065,0.2385,Intel,2,true
E8-2s v5,8,64,0.872,0.504,0.6654,0.2974,0.5595,0.1915,0.0872,0.0504,0.7088,0.3408,0.6065,0.2385,Intel,2,true
E8-4ads v5,8,64,0.892,0.524,0.6771,0.3091,0.5671,0.1991,0.0892,0.0524,N/A,N/A,N/A,N/A,AMD,4,true
E8-4as v4,8,64,0.872,0.504,0.6644,0.2964,0.5575,0.1895,0.0872,0.0504,0.7088,0.3408,0.6065,0.2385,AMD,4,true
E8-4as v5,8,64,0.82,0.452,0.6347,0.2667,0.5398,0.1718,0.082,0.0452,0.6745,0.3065,0.582,0.214,AMD,4,true
E8-4ds v4,8,64,0.944,0.576,0.7067,0.3387,0.5846,0.2166,0.0944,0.0576,0.7582,0.3902,0.6372,0.2692,Intel,4,true
E8-4ds v5,8,64,0.944,0.576,0.7078,0.3398,0.5869,0.2189,0.0944,0.0576,0.7582,0.3902,0.6372,0.2692,Intel,4,true
E8-4s v3,8,64,0.872,0.504,0.6808,0.3128,0.568,0.2,0.0872,0.0504,0.8045,0.4365,0.7125,0.3445,Intel,4,true
E8-4s v4,8,64,0.872,0.504,0.6644,0.2964,0.5575,0.1895,0.0872,0.0504,0.7088,0.3408,0.6065,0.2385,Intel,4,true
E8-4s v5,8,64,0.872,0.504,0.6654,0.2974,0.5595,0.1915,0.0872,0.0504,0.7088,0.3408,0.6065,0.2385,Intel,4,true
M8-2ms,8,218.8,2.1069,1.5365,1.2516,0.8836,0.7979,0.4299,0.2107,0.1537,1.428,1.06,0.9056,0.5376,Intel,2,true
M8-4ms,8,218.8,2.1069,1.5365,1.2516,0.8836,0.7979,0.4299,0.2107,0.1537,1.428,1.06,0.9056,0.5376,Intel,4,true
DS14-4 v2,16,112,2.111,1.482,1.4417,0.7057,1.2026,0.4666,0.2749,0.151,2.0196,1.2836,1.749,1.013,Intel,4,false
DS14-8 v2,16,112,2.111,1.482,1.4417,0.7057,1.2026,0.4666,0.2749,0.151,2.0196,1.2836,1.749,1.013,Intel,8,false
E16-4ads v5,16,128,1.784,1.048,1.3543,0.6183,1.1343,0.3983,0.1784,0.1048,1.4477,0.7117,1.2259,0.4899,AMD,4,true
E16-4as v4,16,128,1.744,1.008,1.3287,0.5927,1.115,0.379,0.1744,0.1008,1.4176,0.6816,1.2131,0.4771,AMD,4,true
E16-4as v5,16,128,1.64,0.904,1.2693,0.5333,1.0795,0.3435,0.164,0.0904,1.349,0.613,1.164,0.428,AMD,4,true
E16-4ds v4,16,128,1.888,1.152,1.4134,0.6774,1.1691,0.4331,0.1888,0.1152,1.5164,0.7804,1.2743,0.5383,Intel,4,true
E16-4ds v5,16,128,1.888,1.152,1.4157,0.6797,1.1738,0.4378,0.1888,0.1152,1.5164,0.7804,1.2743,0.5383,Intel,4,true
E16-4s v3,16,128,1.744,1.008,1.3617,0.6257,1.1361,0.4001,0.1744,0.1008,1.609,0.873,1.425,0.689,Intel,4,true
E16-4s v4,16,128,1.744,1.008,1.3287,0.5927,1.115,0.379,0.1744,0.1008,1.4176,0.6816,1.2131,0.4771,Intel,4,true
E16-4s v5,16,128,1.744,1.008,1.3308,0.5948,1.119,0.383,0.1744,0.1008,1.4176,0.6816,1.2131,0.4771,Intel,4,true
E16-8ads v5,16,128,1.784,1.048,1.3543,0.6183,1.1343,0.3983,0.1784,0.1048,1.4477,0.7117,1.2259,0.4899,AMD,8,true
E16-8as v4,16,128,1.744,1.008,1.3287,0.5927,1.115,0.379,0.1744,0.1008,1.4176,0.6816,1.2131,0.4771,AMD,8,true
E16-8as v5,16,128,1.64,0.904,1.2693,0.5333,1.0795,0.3435,0.164,0.0904,1.349,0.613,1.164,0.428,AMD,8,true
E16-8ds v4,16,128,1.888,1.152,1.4134,0.6774,1.1691,0.4331,0.1888,0.1152,1.5164,0.7804,1.2743,0.5383,Intel,8,true
E16-8ds v5,16,128,1.888,1.152,1.4157,0.6797,1.1738,0.4378,0.1888,0.1152,1.5164,0.7804,1.2743,0.5383,Intel,8,true
E16-8s v3,16,128,1.744,1.008,1.3617,0.6257,1.1361,0.4001,0.1744,0.1008,1.609,0.873,1.425,0.689,Intel,8,true
E16-8s v4,16,128,1.744,1.008,1.3287,0.5927,1.115,0.379,0.1744,0.1008,1.4176,0.6816,1.2131,0.4771,Intel,8,true
E16-8s v5,16,128,1.744,1.008,1.3308,0.5948,1.119,0.383,0.1744,0.1008,1.4176,0.6816,1.2131,0.4771,Intel,8,true
M16-4ms,16,437.5,4.2138,3.073,2.5032,1.7672,1.5957,0.8597,0.4214,0.3073,2.8561,2.1201,1.8112,1.0752,Intel,4,true
M16-8ms,16,437.5,4.2138,3.073,2.5032,1.7672,1.5957,0.8597,0.4214,0.3073,2.8561,2.1201,1.8112,1.0752,Intel,8,true
E32-16ads v5,32,256,3.568,2.096,2.7086,1.2366,2.2685,0.7965,0.3568,0.2096,2.8954,1.4234,2.4519,0.9799,AMD,16,true
E32-16as v4,32,256,3.488,2.016,2.6574,1.1854,2.23,0.758,0.3488,0.2016,2.8352,1.3632,2.4262,0.9542,AMD,16,true
E32-16as v5,32,256,3.28,1.808,2.5387,1.0667,2.159,0.687,0.328,0.1808,2.698,1.226,2.3279,0.8559,AMD,16,true
E32-16ds v4,32,256,3.776,2.304,2.8268,1.3548,2.3383,0.8663,0.3776,0.2304,3.0327,1.5607,2.5487,1.0767,Intel,16,true
E32-16ds v5,32,256,3.776,2.304,2.8314,1.3594,2.3475,0.8755,0.3776,0.2304,3.0327,1.5607,2.5487,1.0767,Intel,16,true
E32-16s v3,32,256,3.488,2.016,2.7233,1.2513,2.2721,0.8001,0.3488,0.2016,3.2181,1.7461,2.8499,1.3779,Intel,16,true
E32-16s v4,32,256,3.488,2.016,2.6574,1.1854,2.23,0.758,0.3488,0.2016,2.8352,1.3632,2.4262,0.9542,Intel,16,true
E32-16s v5,32,256,3.488,2.016,2.6614,1.1894,2.2381,0.7661,0.3488,0.2016,2.8352,1.3632,2.4262,0.9542,Intel,16,true
E32-8ads v5,32,256,3.568,2.096,2.7086,1.2366,2.2685,0.7965,0.3568,0.2096,2.8954,1.4234,2.4519,0.9799,AMD,8,true
E32-8as v4,32,256,3.488,2.016,2.6574,1.1854,2.23,0.758,0.3488,0.2016,2.8352,1.3632,2.4262,0.9542,AMD,8,true
E32-8as v5,32,256,3.28,1.808,2.5387,1.0667,2.159,0.687,0.328,0.1808,2.698,1.226,2.3279,0.8559,AMD,8,true
E32-8ds v4,32,256,3.776,2.304,2.8268,1.3548,2.3383,0.8663,0.3776,0.2304,3.0327,1.5607,2.5487,1.0767,Intel,8,true
E32-8ds v5,32,256,3.776,2.304,2.8314,1.3594,2.3475,0.8755,0.3776,0.2304,3.0327,1.5607,2.5487,1.0767,Intel,8,true
E32-8s v3,32,256,3.488,2.016,2.7233,1.2513,2.2721,0.8001,0.3488,0.2016,3.2181,1.7461,2.8499,1.3779,Intel,8,true
E32-8s v4,32,256,3.488,2.016,2.6574,1.1854,2.23,0.758,0.3488,0.2016,2.8352,1.3632,2.4262,0.9542,Intel,8,true
E32-8s v5,32,256,3.488,2.016,2.6614,1.1894,2.2381,0.7661,0.3488,0.2016,2.8352,1.3632,2.4262,0.9542,Intel,8,true
M32-16ms,32,875,8.4276,6.146,5.0064,3.5344,3.1914,1.7194,0.8428,0.6146,5.7121,4.2401,3.6225,2.1505,Intel,16,true
M32-8ms,32,875,8.4276,6.146,5.0064,3.5344,3.1914,1.7194,0.8428,0.6146,5.7121,4.2401,3.6225,2.1505,Intel,8,true
E64-16s v3,64,432,6.573,3.629,5.3026,2.3586,4.4522,1.5082,0.6573,0.3629,6.0871,3.1431,5.4244,2.4804,Intel,16,true
E64-32s v3,64,432,6.573,3.629,5.3026,2.3586,4.4522,1.5082,0.6573,0.3629,6.0871,3.1431,5.4244,2.4804,Intel,32,true
E64-16ds v4,64,504,7.552,4.608,5.6535,2.7095,4.6766,1.7326,0.7552,0.4608,6.0655,3.1215,5.0973,2.1533,Intel,16,true
E64-16s v4,64,504,6.976,4.032,5.3148,2.3708,4.46,1.516,0.6976,0.4032,5.6704,2.7264,4.8524,1.9084,Intel,16,true
E64-32ds v4,64,504,7.552,4.608,5.6535,2.7095,4.6766,1.7326,0.7552,0.4608,6.0655,3.1215,5.0973,2.1533,Intel,32,true
E64-32s v4,64,504,6.976,4.032,5.3148,2.3708,4.46,1.516,0.6976,0.4032,5.6704,2.7264,4.8524,1.9084,Intel,32,true
E64-16ads v5,64,512,7.136,4.192,5.4173,2.4733,4.537,1.593,0.7136,0.4192,5.7908,2.8468,4.9038,1.9598,AMD,16,true
E64-16as v4,64,512,6.976,4.032,5.3148,2.3708,4.46,1.516,0.6976,0.4032,5.6704,2.7264,4.8524,1.9084,AMD,16,true
E64-16as v5,64,512,6.56,3.616,5.0775,2.1335,4.3181,1.3741,0.656,0.3616,5.396,2.452,4.6558,1.7118,AMD,16,true
E64-16ds v5,64,512,7.552,4.608,5.6627,2.7187,4.695,1.751,0.7552,0.4608,6.0655,3.1215,5.0973,2.1533,Intel,16,true
E64-16s v5,64,512,6.976,4.032,5.3229,2.3789,4.4762,1.5322,0.6976,0.4032,5.6704,2.7264,4.8524,1.9084,Intel,16,true
E64-32ads v5,64,512,7.136,4.192,5.4173,2.4733,4.537,1.593,0.7136,0.4192,5.7908,2.8468,4.9038,1.9598,AMD,32,true
E64-32as v4,64,512,6.976,4.032,5.3148,2.3708,4.46,1.516,0.6976,0.4032,5.6704,2.7264,4.8524,1.9084,AMD,32,true
E64-32as v5,64,512,6.56,3.616,5.0775,2.1335,4.3181,1.3741,0.656,0.3616,5.396,2.452,4.6558,1.7118,AMD,32,true
E64-32ds v5,64,512,7.552,4.608,5.6627,2.7187,4.695,1.751,0.7552,0.4608,6.0655,3.1215,5.0973,2.1533,Intel,32,true
E64-32s v5,64,512,6.976,4.032,5.3229,2.3789,4.4762,1.5322,0.6976,0.4032,5.6704,2.7264,4.8524,1.9084,Intel,32,true
M64-16ms,64,1750,14.641,10.337,8.8882,5.9442,5.8358,2.8918,1.4641,1.0337,10.0755,7.1315,6.5609,3.6169,Intel,16,true
M64-32ms,64,1750,14.641,10.337,8.8882,5.9442,5.8358,2.8918,1.4641,1.0337,10.0755,7.1315,6.5609,3.6169,Intel,32,true
E96-24ads v5,96,672,10.704,6.288,8.1259,3.7099,6.8054,2.3894,1.0704,0.6288,8.6862,4.2702,7.3556,2.9396,AMD,24,true
E96-24as v4,96,672,10.464,6.048,7.9723,3.5563,6.6901,2.2741,1.0464,0.6048,8.5057,4.0897,7.2785,2.8625,AMD,24,true
E96-24as v5,96,672,9.84,5.424,7.6161,3.2001,6.4771,2.0611,0.984,0.5424,8.094,3.678,6.9837,2.5677,AMD,24,true
E96-24ds v5,96,672,11.328,6.912,8.4941,4.0781,7.0426,2.6266,1.1328,0.6912,9.0982,4.6822,7.646,3.23,Intel,24,true
E96-24s v5,96,672,10.464,6.048,7.9843,3.5683,6.7143,2.2983,1.0464,0.6048,8.5057,4.0897,7.2785,2.8625,Intel,24,true
E96-48ads v5,96,672,10.704,6.288,8.1259,3.7099,6.8054,2.3894,1.0704,0.6288,8.6862,4.2702,7.3556,2.9396,AMD,48,true
E96-48as v4,96,672,10.464,6.048,7.9723,3.5563,6.6901,2.2741,1.0464,0.6048,8.5057,4.0897,7.2785,2.8625,AMD,48,true
E96-48as v5,96,672,9.84,5.424,7.6161,3.2001,6.4771,2.0611,0.984,0.5424,8.094,3.678,6.9837,2.5677,AMD,48,true
E96-48ds v5,96,672,11.328,6.912,8.4941,4.0781,7.0426,2.6266,1.1328,0.6912,9.0982,4.6822,7.646,3.23,Intel,48,true
E96-48s v5,96,672,10.464,6.048,7.9843,3.5683,6.7143,2.2983,1.0464,0.6048,8.5057,4.0897,7.2785,2.8625,Intel,48,true
M128-32ms,128,3800,35.814,26.688,21.1941,15.3061,13.3341,7.4461,3.5814,2.6688,24.3001,18.4121,15.2261,9.3381,Intel,32,true
M128-64ms,128,3800,35.814,26.688,21.1941,15.3061,13.3341,7.4461,3.5814,2.6688,24.3001,18.4121,15.2261,9.3381,Intel,64,true
L8as v3,8,64,0.992,0.624,0.7673,0.3993,0.6301,0.2621,0.1042,0.0624,0.8278,0.4598,0.6836,0.3156,AMD,8,true
L16as v3,16,128,1.984,1.248,1.5347,0.7987,1.2602,0.5242,0.2083,0.1248,1.6557,0.9197,1.3671,0.6311,AMD,16,true
L32as v3,32,256,3.968,2.496,3.0695,1.5975,2.5203,1.0483,0.4166,0.2496,3.3113,1.8393,2.7342,1.2622,AMD,32,true
L48as v3,48,384,5.952,3.744,4.6041,2.3961,3.7805,1.5725,0.625,0.3744,4.967,2.759,4.1013,1.8933,AMD,48,true
L64as v3,64,512,7.936,4.992,6.1389,3.1949,5.0407,2.0967,0.8333,0.4992,6.6226,3.6786,5.4685,2.5245,AMD,64,true
L80as v3,80,640,9.92,6.24,7.6736,3.9936,6.3008,2.6208,1.0416,0.624,8.2783,4.5983,6.8356,3.1556,AMD,80,true
L8s v2,8,64,0.992,0.624,0.7655,0.3975,0.632,0.264,0.0992,0.0624,0.8278,0.4598,0.6836,0.3156,Intel,8,true
L16s v2,16,128,1.984,1.248,1.531,0.795,1.2639,0.5279,0.1984,0.1248,1.6557,0.9197,1.3671,0.6311,Intel,16,true
L32s v2,32,256,3.968,2.496,3.062,1.59,2.5278,1.0558,0.3968,0.2496,3.3113,1.8393,2.7342,1.2622,Intel,32,true
L48s v2,48,384,5.952,3.744,4.5929,2.3849,3.7916,1.5836,0.5952,0.3744,4.967,2.759,4.1013,1.8933,Intel,48,true
L64s v2,64,512,7.936,4.992,6.1239,3.1799,5.0556,2.1116,0.7936,0.4992,6.6226,3.6786,5.4685,2.5245,Intel,64,true
L80s v2,80,640,9.92,6.24,7.6549,3.9749,6.3193,2.6393,0.992,0.624,8.2783,4.5983,6.8356,3.1556,Intel,80,true
L8s v3,8,64,1.064,0.696,0.8134,0.4454,0.6603,0.2923,0.1064,0.0696,0.8809,0.5129,0.72,0.352,Intel,8,true
L16s v3,16,128,2.128,1.392,1.6269,0.8909,1.3206,0.5846,0.2128,0.1392,1.7618,1.0258,1.4399,0.7039,Intel,16,true
L32s v3,32,256,4.256,2.784,3.2537,1.7817,2.6413,1.1693,0.4256,0.2784,3.5235,2.0515,2.8799,1.4079,Intel,32,true
L48s v3,48,384,6.384,4.176,4.8806,2.6726,3.9619,1.7539,0.6384,0.4176,5.2853,3.0773,4.3198,2.1118,Intel,48,true
L64s v3,64,512,8.512,5.568,6.5075,3.5635,5.2826,2.3386,0.8512,0.5568,7.0471,4.1031,5.7597,2.8157,Intel,64,true
L80s v3,80,640,10.64,6.96,8.1345,4.4545,6.6032,2.9232,1.064,0.696,8.8088,5.1288,7.1997,3.5197,Intel,80,true
NC6,6,56,1.084,0.9,N/A,N/A,N/A,N/A,0.1084,0.09,0.9353,0.6593,0.755,0.479,Intel,6,false
NC12,12,112,2.168,1.8,N/A,N/A,N/A,N/A,0.2168,0.18,1.8705,1.3185,1.51,0.958,Intel,12,false
NC24r,24,224,4.77,3.96,N/A,N/A,N/A,N/A,0.477,0.396,4.0047,2.9007,3.2115,2.1075,Intel,24,false
NC24,24,224,4.336,3.6,N/A,N/A,N/A,N/A,0.4336,0.36,3.741,2.637,3.0199,1.9159,Intel,24,false
NC6s v2,6,112,2.493,2.07,N/A,N/A,N/A,N/A,0.2515,0.207,1.9991,1.7231,1.553,1.277,Intel,6,true
NC12s v2,12,224,4.986,4.14,N/A,N/A,N/A,N/A,0.5031,0.414,3.9981,3.4461,3.106,2.554,Intel,12,true
NC24rs v2,24,448,10.971,9.108,N/A,N/A,N/A,N/A,1.107,0.9108,8.6855,7.5815,6.7227,5.6187,Intel,24,true
NC24s v2,24,448,9.972,8.28,N/A,N/A,N/A,N/A,1.0062,0.828,7.9963,6.8923,6.2119,5.1079,Intel,24,true
NC6s v3,6,112,3.336,3.06,2.2252,1.9492,1.2552,0.9792,0.9394,0.7574,2.519,2.243,1.9042,1.6282,Intel,6,true
NC12s v3,12,224,6.672,6.12,4.4504,3.8984,2.5104,1.9584,1.8788,1.5147,5.038,4.486,3.8085,3.2565,Intel,12,true
NC24rs v3,24,448,14.56,13.46,9.6806,8.5766,5.4396,4.3356,4.1001,3.3314,10.9702,9.8662,8.2661,7.1621,Intel,24,true
NC24s v3,24,448,13.344,12.24,8.9009,7.7969,5.0208,3.9168,3.7577,3.0294,10.0759,8.9719,7.6169,6.5129,Intel,24,true
NC4as T4 v3,4,28,0.71,0.526,0.4933,0.3093,0.3818,0.1978,0.071,0.0526,0.5397,0.3557,0.4314,0.2474,AMD,4,true
NC8as T4 v3,8,56,1.12,0.752,0.8101,0.4421,0.6508,0.2828,0.112,0.0752,0.8765,0.5085,0.7217,0.3537,AMD,8,true
NC16as T4 v3,16,110,1.94,1.204,1.444,0.708,1.1887,0.4527,0.194,0.1204,1.5501,0.8141,1.3024,0.5664,AMD,16,true
NC64as T4 v3,64,440,7.296,4.352,5.503,2.559,4.5803,1.6363,0.7296,0.4352,5.8868,2.9428,4.9912,2.0472,AMD,64,true
NC24ads A100 v4,24,220,4.777,3.673,3.505,2.401,2.4671,1.3631,0.6678,0.3908,4.1614,3.0574,3.3699,2.2659,AMD,24,true
NC48ads A100 v4,48,440,9.554,7.346,7.0101,4.8021,4.9341,2.7261,1.3356,0.7816,8.3228,6.1148,6.7398,4.5318,AMD,48,true
NC96ads A100 v4,96,880,19.108,14.692,14.0201,9.6041,9.8682,5.4522,2.6713,1.5632,16.6456,12.2296,13.4795,9.0635,AMD,96,true
NV6,6,56,1.44,1.14,N/A,N/A,N/A,N/A,0.144,0.114,1.2249,0.9489,0.9793,0.7033,Intel,6,false
NV12,12,112,2.88,2.28,N/A,N/A,N/A,N/A,0.288,0.228,2.4499,1.8979,1.9585,1.4065,Intel,12,false
NV24,24,224,5.761,4.56,N/A,N/A,N/A,N/A,0.5761,0.456,4.8997,3.7957,3.9171,2.8131,Intel,24,false
NV12s v3,12,112,1.692,1.14,1.2781,0.7261,1.0536,0.5016,0.1692,0.114,1.3872,0.8352,1.1583,0.6063,Intel,12,true
NV24s v3,24,224,3.384,2.28,2.5564,1.4524,2.1072,1.0032,0.3384,0.228,2.7743,1.6703,2.3165,1.2125,Intel,24,true
NV48s v3,48,448,6.768,4.56,5.1127,2.9047,4.2144,2.0064,0.6768,0.456,5.5487,3.3407,4.633,2.425,Intel,48,true
NV4as v4,4,14,0.417,0.233,0.3331,0.1491,0.2865,0.1025,0.0417,0.0233,0.378,0.194,0.3277,0.1437,AMD,4,true
NV8as v4,8,28,0.834,0.466,0.6663,0.2983,0.573,0.205,0.0834,0.0466,0.7559,0.3879,0.6555,0.2875,AMD,8,true
NV16as v4,16,56,1.668,0.932,1.3325,0.5965,1.1461,0.4101,0.1668,0.0932,1.5118,0.7758,1.311,0.575,AMD,16,true
NV32as v4,32,112,3.336,1.864,2.6649,1.1929,2.2922,0.8202,0.3336,0.1864,3.0236,1.5516,2.6219,1.1499,AMD,32,true
NV6adsv5,6,55,0.73,0.454,0.5665,0.2905,0.4758,0.1998,0.1825,0.1135,0.6539,0.3779,0.5561,0.2801,AMD,6,true
NV12ads A10 v5,12,110,1.46,0.908,1.1332,0.5812,0.9515,0.3995,0.365,0.227,1.3078,0.7558,1.1122,0.5602,AMD,12,true
NV18ads A10 v5,18,220,2.428,1.6,1.852,1.024,1.532,0.704,0.607,0.4,2.1598,1.3318,1.815,0.987,AMD,18,true
NV36ads A10 v5,36,440,4.856,3.2,3.704,2.048,3.064,1.408,1.214,0.8,4.3197,2.6637,3.6301,1.9741,AMD,36,true
NV36adms A10 v5,36,880,6.176,4.52,4.5488,2.8928,3.6448,1.9888,1.544,1.13,5.4185,3.7625,4.4444,2.7884,AMD,36,true
NV72ads A10 v5,72,880,9.832,6.52,7.4848,4.1728,6.1808,2.8688,2.458,1.63,8.7393,5.4273,7.3342,4.0222,AMD,72,true
ND6s,6,112,2.493,2.07,1.5946,1.3186,1.1949,0.9189,0.2493,0.207,1.9991,1.7231,1.553,1.277,Intel,6,true
ND12s,12,224,4.986,4.14,3.1891,2.6371,2.3897,1.8377,0.4986,0.414,3.9981,3.4461,3.106,2.554,Intel,12,true
ND24rs,24,448,10.971,9.108,6.9055,5.8015,5.147,4.043,1.0971,0.9108,8.6855,7.5815,6.7227,5.6187,Intel,24,true
ND24s,24,448,9.972,8.28,6.3782,5.2742,4.7795,3.6755,0.9972,0.828,7.9963,6.8923,6.2119,5.1079,Intel,24,true
ND40rs v2,40,672,23.872,22.032,12.6357,10.7957,N/A,N/A,3.4065,2.6482,20.1794,18.3394,15.4315,13.5915,Intel,40,true
ND96asr A100 v4,96,900,31.613,27.197,23.2443,18.8283,15.2947,10.8787,9.5218,8.1917,27.0357,22.6197,18.0417,13.6257,AMD,96,true
ND96amsr A100 v4,96,1900,37.186,32.77,25.3888,20.9728,18.8348,14.4188,6.4295,4.5714,32.6605,28.2445,21.4269,17.0109,AMD,96,true
H8,8,56,1.754,0.904,N/A,N/A,N/A,N/A,0.2515,0.0904,1.1205,0.7525,0.9257,0.5577,Intel,8,false
H8m,8,112,2.35,1.211,N/A,N/A,N/A,N/A,0.337,0.1211,1.376,1.008,1.1151,0.7471,Intel,8,false
H16r,16,112,3.858,1.988,N/A,N/A,N/A,N/A,0.5532,0.1988,2.3908,1.6548,1.9624,1.2264,Intel,16,false
H16,16,112,3.508,1.807,N/A,N/A,N/A,N/A,0.503,0.1807,2.2402,1.5042,1.8507,1.1147,Intel,16,false
H16mr,16,224,5.169,2.664,N/A,N/A,N/A,N/A,0.7412,0.2664,2.9535,2.2175,2.3794,1.6434,Intel,16,false
H16m,16,224,4.699,2.422,N/A,N/A,N/A,N/A,0.6738,0.2422,2.7521,2.0161,2.2301,1.4941,Intel,16,false
HB60rs,60,228,5.04,2.28,4.698,1.938,4.356,1.596,0.506,0.228,4.7345,1.9745,4.5158,1.7558,Intel,60,true
HB60-15rs,60,228,5.04,2.28,4.698,1.938,4.356,1.596,0.506,0.228,4.7345,1.9745,4.5158,1.7558,Intel,15,true
HB60-30rs,60,228,5.04,2.28,4.698,1.938,4.356,1.596,0.506,0.228,4.7345,1.9745,4.5158,1.7558,Intel,30,true
HB60-45rs,60,228,5.04,2.28,4.698,1.938,4.356,1.596,0.506,0.228,4.7345,1.9745,4.5158,1.7558,Intel,45,true
HB120rs v2,120,456,9.12,3.6,8.22,2.7,7.32,1.8,0.912,0.36,8.5166,2.9966,7.7408,2.2208,Intel,120,true
HB120-16rs v2,120,456,9.12,3.6,8.22,2.7,7.32,1.8,0.912,0.36,8.5166,2.9966,7.7408,2.2208,Intel,16,true
HB120-32rs v2,120,456,9.12,3.6,8.22,2.7,7.32,1.8,0.912,0.36,8.5166,2.9966,7.7408,2.2208,Intel,32,true
HB120-64rs v2,120,456,9.12,3.6,8.22,2.7,7.32,1.8,0.912,0.36,8.5166,2.9966,7.7408,2.2208,Intel,64,true
HB120-96rs v2,120,456,9.12,3.6,8.22,2.7,7.32,1.8,0.912,0.36,8.5166,2.9966,7.7408,2.2208,Intel,96,true
HB120rs v3,120,448,8.22,2.7,7.32,1.8,0.912,0.36,6.7199,1.1999,7.7408,2.2208,0.912,0.36,Intel,120,true
HB120-16rs v3,120,448,8.22,2.7,7.32,1.8,0.912,0.36,6.7199,1.1999,7.7408,2.2208,0.912,0.36,Intel,16,true
HB120-32rs v3,120,448,8.22,2.7,7.32,1.8,0.912,0.36,6.7199,1.1999,7.7408,2.2208,0.912,0.36,Intel,32,true
HB120-64rs v3,120,448,8.22,2.7,7.32,1.8,0.912,0.36,6.7199,1.1999,7.7408,2.2208,0.912,0.36,Intel,64,true
HB120-96rs v3,120,448,8.22,2.7,7.32,1.8,0.912,0.36,6.7199,1.1999,7.7408,2.2208,0.912,0.36,Intel,96,true
HB176rs v4,176,656,N/A,7.2,5.4001,5.4001,3.6001,3.6001,N/A,1.8,5.9933,5.9933,4.4417,4.4417,Intel,176,true
HB176-144rs v4,176,640,N/A,7.2,5.4001,5.4001,3.6001,3.6001,N/A,1.8,5.9933,5.9933,4.4417,4.4417,Intel,144,true
HB176-24rs v4,176,640,N/A,7.2,5.4001,5.4001,3.6001,3.6001,N/A,1.8,5.9933,5.9933,4.4417,4.4417,Intel,24,true
HB176-48rs v4,176,640,N/A,7.2,5.4001,5.4001,3.6001,3.6001,N/A,1.8,5.9933,5.9933,4.4417,4.4417,Intel,48,true
HB176-96rs v4,176,640,N/A,7.2,5.4001,5.4001,3.6001,3.6001,N/A,1.8,5.9933,5.9933,4.4417,4.4417,Intel,96,true
HX176rs,176,1300,6.4799,6.4799,4.3199,4.3199,N/A,2.16,2.8797,2.8797,5.33,5.33,N/A,2.16,Intel,176,true
HX176-144rs,176,1300,6.4799,6.4799,4.3199,4.3199,N/A,2.16,2.8797,2.8797,5.33,5.33,N/A,2.16,Intel,144,true
HX176-24rs,176,1300,6.4799,6.4799,4.3199,4.3199,N/A,2.16,2.8797,2.8797,5.33,5.33,N/A,2.16,Intel,24,true
HX176-48rs,176,1300,6.4799,6.4799,4.3199,4.3199,N/A,2.16,2.8797,2.8797,5.33,5.33,N/A,2.16,Intel,48,true
HX176-96rs,176,1300,6.4799,6.4799,4.3199,4.3199,N/A,2.16,2.8797,2.8797,5.33,5.33,N/A,2.16,Intel,96,true
HC44rs,44,352,5.192,3.168,4.7168,2.6928,4.2416,2.2176,0.5192,0.3168,4.7675,2.7435,4.4637,2.4397,Intel,44,true
HC44-16rs,44,352,5.192,3.168,4.7168,2.6928,4.2416,2.2176,0.5192,0.3168,4.7675,2.7435,4.4637,2.4397,Intel,16,true
HC44-32rs,44,352,5.192,3.168,4.7168,2.6928,4.2416,2.2176,0.5192,0.3168,4.7675,2.7435,4.4637,2.4397,Intel,32,true
